leg_id,type,term,district,chamber,state,party,committee_id,committee,subcommittee,start_date,end_date
AKL000005,member,27,K,upper,ak,Democratic,,,,,
AKL000005,committee member,27,,upper,ak,,AKC000002,Education,,,
AKL000005,committee member,27,,upper,ak,,AKC000004,Health & Social Services,,,
AKL000005,committee member,27,,upper,ak,,AKC000006,Labor & Commerce,,,
AKL000005,committee member,27,,upper,ak,,AKC000015,Education & Early Development,,,
AKL000005,committee member,27,,upper,ak,,AKC000019,Labor & Workforce Development,,,
AKL000005,committee member,27,,joint,ak,,AKC000031,Armed Services Committee,,,
AKL000005,committee member,27,,joint,ak,,AKC000034,Educ Funding District Cost Factor Comm,,,
AKL000005,committee member,27,,joint,ak,,AKC000036,Legislative Council,,,
AKL000012,member,27,C,upper,ak,Democratic,,,,,
AKL000012,committee member,27,,upper,ak,,AKC000001,Community & Regional Affairs,,,
AKL000012,committee member,27,,upper,ak,,AKC000009,State Affairs,,,
AKL000012,committee member,27,,upper,ak,,AKC000010,Transportation,,,
AKL000012,committee member,27,,upper,ak,,AKC000012,"Commerce, Community & Economic Dev",,,
AKL000012,committee member,27,,upper,ak,,AKC000018,Governor,,,
AKL000012,committee member,27,,upper,ak,,AKC000026,Transportation & Public Facilities,,,
AKL000014,member,27,G,upper,ak,Republican,,,,,
AKL000014,committee member,27,,upper,ak,,AKC000001,Community & Regional Affairs,,,
AKL000014,committee member,27,,upper,ak,,AKC000006,Labor & Commerce,,,
AKL000014,committee member,27,,upper,ak,,AKC000010,Transportation,,,
AKL000014,committee member,27,,upper,ak,,AKC000011,Administration,,,
AKL000014,committee member,27,,upper,ak,,AKC000013,Corrections,,,
AKL000014,committee member,27,,upper,ak,,AKC000026,Transportation & Public Facilities,,,
AKL000014,committee member,27,,upper,ak,,AKC000121,World Trade,,,
AKL000014,committee member,27,,joint,ak,,AKC000032,Legislative Budget & Audit,,,
AKL000014,committee member,27,,joint,ak,,AKC000147,Legislative Celebration Commission,,,
AKL000014,committee member,27,,joint,ak,,AKC000036,Legislative Council,,,
AKL000014,committee member,27,,joint,ak,,AKC000146,Victims Advocate Selection Committee,,,
AKL000015,member,27,E,upper,ak,Democratic,,,,,
AKL000015,committee member,27,,upper,ak,,AKC000005,Judiciary,,,
AKL000015,committee member,27,,upper,ak,,AKC000006,Labor & Commerce,,,
AKL000015,committee member,27,,upper,ak,,AKC000007,Resources,,,
AKL000015,committee member,27,,upper,ak,,AKC000009,State Affairs,,,
AKL000015,committee member,27,,upper,ak,,AKC000015,Education & Early Development,,,
AKL000015,committee member,27,,upper,ak,,AKC000023,Natural Resources,,,
AKL000015,committee member,27,,upper,ak,,AKC000024,Public Safety,,,
AKL000015,committee member,27,,upper,ak,,AKC000025,Revenue,,,
AKL000015,committee member,27,,joint,ak,,AKC000031,Armed Services Committee,,,
AKL000017,member,27,D,upper,ak,Democratic,,,,,
AKL000017,committee member,27,,upper,ak,,AKC000002,Education,,,
AKL000017,committee member,27,,upper,ak,,AKC000003,Finance,,,
AKL000017,committee member,27,,upper,ak,,AKC000010,Transportation,,,
AKL000017,committee member,27,,upper,ak,,AKC000014,Court System,,,
AKL000017,committee member,27,,upper,ak,,AKC000019,Labor & Workforce Development,,,
AKL000017,committee member,27,,upper,ak,,AKC000021,Legislature,,,
AKL000017,committee member,27,,upper,ak,,AKC000023,Natural Resources,,,
AKL000017,committee member,27,,upper,ak,,AKC000027,University Of Alaska,,,
AKL000017,committee member,27,,joint,ak,,AKC000031,Armed Services Committee,,,
AKL000017,committee member,27,,joint,ak,,AKC000035,Select Committee On Legislative Ethics,,,
AKL000017,committee member,27,,joint,ak,,AKC000036,Legislative Council,,,
AKL000017,committee member,27,,joint,ak,,AKC000120,Theme-Based Education Task Force,,,
AKL000017,committee member,27,,upper,ak,,AKC000050,University Boosters Caucus,,,
AKL000018,member,27,Q,upper,ak,Republican,,,,,
AKL000018,committee member,27,,upper,ak,,AKC000001,Community & Regional Affairs,,,
AKL000018,committee member,27,,upper,ak,,AKC000007,Resources,,,
AKL000018,committee member,27,,upper,ak,,AKC000016,Environmental Conservation,,,
AKL000018,committee member,27,,upper,ak,,AKC000017,Fish & Game,,,
AKL000018,committee member,27,,upper,ak,,AKC000023,Natural Resources,,,
AKL000018,committee member,27,,upper,ak,,AKC000121,World Trade,,,
AKL000018,committee member,27,,joint,ak,,AKC000030,Administrative Regulation Review,,,
AKL000018,committee member,27,,joint,ak,,AKC000032,Legislative Budget & Audit,,,
AKL000022,member,27,3,lower,ak,Democratic,,,,,
AKL000022,committee member,27,,joint,ak,,AKC000148,Alaska Arctic Policy Commission,,,
AKL000022,committee member,27,,lower,ak,,AKC000053,Finance,,,
AKL000022,committee member,27,,lower,ak,,AKC000069,Governor,,,
AKL000022,committee member,27,,lower,ak,,AKC000072,Legislature,,,
AKL000022,committee member,27,,lower,ak,,AKC000074,Natural Resources,,,
AKL000022,committee member,27,,lower,ak,,AKC000084,Committee On Committees,,,
AKL000022,member,28,32,lower,ak,Democratic,,,,,2014-01-24 00:00:00
AKL000022,committee member,28,,lower,ak,,AKC000211,Fish & Game,Finance Subcommittee,,
AKL000022,committee member,28,,lower,ak,,AKC000212,Governor,Finance Subcommittee,,
AKL000022,committee member,28,,lower,ak,,AKC000216,Legislature,Finance Subcommittee,,
AKL000022,committee member,28,,lower,ak,,AKC000220,Revenue,Finance Subcommittee,,
AKL000022,committee member,28,,joint,ak,,AKC000186,Alaska Arctic Policy Commission,,,
AKL000022,committee member,28,,lower,ak,,AKC000207,Corrections,Finance Subcommittee,,
AKL000023,member,27,22,lower,ak,Democratic,,,,,
AKL000023,committee member,27,,lower,ak,,AKC000051,Community & Regional Affairs,,,
AKL000023,committee member,27,,lower,ak,,AKC000052,Education,,,
AKL000023,committee member,27,,lower,ak,,AKC000054,Health & Social Services,,,
AKL000023,committee member,27,,lower,ak,,AKC000065,Education & Early Development,,,
AKL000023,committee member,27,,lower,ak,,AKC000073,Military & Veterans' Affairs,,,
AKL000023,committee member,27,,lower,ak,,AKC000075,Public Safety,,,
AKL000025,member,27,6,lower,ak,Republican,,,,,
AKL000025,committee member,27,,joint,ak,,AKC000120,Theme-Based Education Task Force,,,
AKL000025,committee member,27,,lower,ak,,AKC000051,Community & Regional Affairs,,,
AKL000025,committee member,27,,lower,ak,,AKC000052,Education,,,
AKL000025,committee member,27,,lower,ak,,AKC000054,Health & Social Services,,,
AKL000025,committee member,27,,lower,ak,,AKC000057,Resources,,,
AKL000025,committee member,27,,lower,ak,,AKC000065,Education & Early Development,,,
AKL000025,committee member,27,,lower,ak,,AKC000066,Environmental Conservation,,,
AKL000025,committee member,27,,lower,ak,,AKC000068,Fish & Game,,,
AKL000026,member,27,25,lower,ak,Democratic,,,,,
AKL000026,committee member,27,,joint,ak,,AKC000032,Legislative Budget & Audit,,,
AKL000026,committee member,27,,lower,ak,,AKC000053,Finance,,,
AKL000026,committee member,27,,lower,ak,,AKC000061,Administration,,,
AKL000026,committee member,27,,lower,ak,,AKC000076,Revenue,,,
AKL000026,committee member,27,,lower,ak,,AKC000078,University Of Alaska,,,
AKL000033,member,27,13,lower,ak,Republican,,,,,2012-04-10 00:00:00
AKL000033,committee member,27,,joint,ak,,AKC000030,Administrative Regulation Review,,,
AKL000033,committee member,27,,joint,ak,,AKC000031,Armed Services Committee,,,
AKL000033,committee member,27,,joint,ak,,AKC000035,Select Committee On Legislative Ethics,,,
AKL000033,committee member,27,,lower,ak,,AKC000055,Judiciary,,,
AKL000033,committee member,27,,lower,ak,,AKC000058,Rules,,,
AKL000033,committee member,27,,lower,ak,,AKC000063,Corrections,,,
AKL000033,committee member,27,,lower,ak,,AKC000064,Court System,,,
AKL000033,committee member,27,,lower,ak,,AKC000071,Law,,,
AKL000033,committee member,27,,lower,ak,,AKC000073,Military & Veterans' Affairs,,,
AKL000033,committee member,27,,lower,ak,,AKC000076,Revenue,,,
AKL000039,member,27,1,lower,ak,Republican,,,,,
AKL000039,committee member,27,,lower,ak,,AKC000059,State Affairs,,,
AKL000039,committee member,27,,lower,ak,,AKC000066,Environmental Conservation,,,
AKL000039,committee member,27,,lower,ak,,AKC000070,Labor & Workforce Development,,,
AKL000039,committee member,27,,lower,ak,,AKC000076,Revenue,,,
AKL000041,member,27,40,lower,ak,Democratic,,,,,
AKL000041,committee member,27,,joint,ak,,AKC000029,Alaska Northern Waters Task Force,,,
AKL000041,committee member,27,,joint,ak,,AKC000034,Educ Funding District Cost Factor Comm,,,
AKL000041,committee member,27,,lower,ak,,AKC000053,Finance,,,
AKL000041,committee member,27,,lower,ak,,AKC000054,Health & Social Services,,,
AKL000041,committee member,27,,lower,ak,,AKC000066,Environmental Conservation,,,
AKL000041,committee member,27,,lower,ak,,AKC000078,University Of Alaska,,,
AKL000041,committee member,27,,lower,ak,,AKC000079,"Econ. Dev., Trade & Tourism",,,
AKL000041,committee member,27,,lower,ak,,AKC000083,Bush Caucus,,,
AKL000045,member,27,7,lower,ak,Democratic,,,,,
AKL000045,committee member,27,,lower,ak,,AKC000056,Labor & Commerce,,,
AKL000045,committee member,27,,lower,ak,,AKC000062,"Commerce, Community & Economic Dev",,,
AKL000045,committee member,27,,lower,ak,,AKC000068,Fish & Game,,,
AKL000045,committee member,27,,lower,ak,,AKC000070,Labor & Workforce Development,,,
AKL000045,committee member,27,,lower,ak,,AKC000073,Military & Veterans' Affairs,,,
AKL000045,committee member,27,,lower,ak,,AKC000081,Fisheries,,,
AKL000050,member,27,19,lower,ak,Democratic,,,,,
AKL000050,committee member,27,,joint,ak,,AKC000031,Armed Services Committee,,,
AKL000050,committee member,27,,lower,ak,,AKC000059,State Affairs,,,
AKL000050,committee member,27,,lower,ak,,AKC000060,Transportation,,,
AKL000050,committee member,27,,lower,ak,,AKC000065,Education & Early Development,,,
AKL000050,committee member,27,,lower,ak,,AKC000066,Environmental Conservation,,,
AKL000050,committee member,27,,lower,ak,,AKC000077,Transportation & Public Facilities,,,
AKL000050,committee member,27,,lower,ak,,AKC000080,Energy,,,
AKL000055,member,27,5,lower,ak,Republican,,,,,
AKL000055,committee member,27,,joint,ak,,AKC000032,Legislative Budget & Audit,,,
AKL000055,committee member,27,,joint,ak,,AKC000036,Legislative Council,,,
AKL000055,committee member,27,,lower,ak,,AKC000053,Finance,,,
AKL000055,committee member,27,,lower,ak,,AKC000064,Court System,,,
AKL000055,committee member,27,,lower,ak,,AKC000068,Fish & Game,,,
AKL000055,committee member,27,,lower,ak,,AKC000069,Governor,,,
AKL000055,committee member,27,,lower,ak,,AKC000072,Legislature,,,
AKL000055,committee member,27,,lower,ak,,AKC000078,University Of Alaska,,,
AKL000055,committee member,27,,lower,ak,,AKC000084,Committee On Committees,,,
AKL000055,committee member,27,,lower,ak,,AKC000096,Joint Veterans Caucus,,,
AKL000036,member,28,27,lower,ak,Republican,,,,,
AKL000036,committee member,28,,lower,ak,,AKC000058,Rules,,,
AKL000036,committee member,28,,lower,ak,,AKC000229,Free Conference Committee On Hb 278,,,
AKL000036,committee member,28,,lower,ak,,AKC000219,Public Safety,Finance Subcommittee,,
AKL000036,committee member,28,,upper,ak,,AKC000230,Free Conference Committee On Hb 278,,,
AKL000036,committee member,28,,lower,ak,,AKC000057,Resources,,,
AKL000036,committee member,28,,lower,ak,,AKC000220,Revenue,Finance Subcommittee,,
AKL000036,committee member,28,,joint,ak,,AKC000036,Legislative Council,,,
AKL000036,committee member,28,,lower,ak,,AKC000053,Finance,,,
AKL000036,committee member,28,,lower,ak,,AKC000207,Corrections,Finance Subcommittee,,
AKL000036,committee member,28,,joint,ak,,AKC000030,Administrative Regulation Review,,,
AKL000036,committee member,28,,joint,ak,,AKC000032,Legislative Budget & Audit,,,
AKL000036,committee member,28,,lower,ak,,AKC000213,Health & Social Services,Finance Subcommittee,,
AKL000036,member,27,32,lower,ak,Republican,,,,,
AKL000036,committee member,27,,joint,ak,,AKC000032,Legislative Budget & Audit,,,
AKL000036,committee member,27,,joint,ak,,AKC000034,Educ Funding District Cost Factor Comm,,,
AKL000036,committee member,27,,joint,ak,,AKC000145,Ombudsman Selection Committee,,,
AKL000036,committee member,27,,lower,ak,,AKC000053,Finance,,,
AKL000036,committee member,27,,lower,ak,,AKC000055,Judiciary,,,
AKL000036,committee member,27,,lower,ak,,AKC000078,University Of Alaska,,,
AKL000036,member,28,32,lower,ak,Republican,,,,,
AKL000020,member,28,28,lower,ak,Republican,,,,,
AKL000020,committee member,28,,lower,ak,,AKC000058,Rules,,,
AKL000020,committee member,28,,joint,ak,,AKC000169,Legislative Centennial Commission,,,
AKL000020,committee member,28,,lower,ak,,AKC000212,Governor,Finance Subcommittee,,
AKL000020,committee member,28,,lower,ak,,AKC000216,Legislature,Finance Subcommittee,,
AKL000020,committee member,28,,lower,ak,,AKC000084,Committee On Committees,,,
AKL000020,committee member,28,,joint,ak,,AKC000036,Legislative Council,,,
AKL000020,committee member,28,,lower,ak,,AKC000056,Labor & Commerce,,,
AKL000020,member,27,34,lower,ak,Republican,,,,,
AKL000020,committee member,27,,joint,ak,,AKC000033,Higher Educ/Career Readiness Task Force,,,
AKL000020,committee member,27,,joint,ak,,AKC000147,Legislative Celebration Commission,,,
AKL000020,committee member,27,,joint,ak,,AKC000036,Legislative Council,,,
AKL000020,committee member,27,,lower,ak,,AKC000056,Labor & Commerce,,,
AKL000020,committee member,27,,lower,ak,,AKC000058,Rules,,,
AKL000020,committee member,27,,lower,ak,,AKC000069,Governor,,,
AKL000020,committee member,27,,lower,ak,,AKC000071,Law,,,
AKL000020,committee member,27,,lower,ak,,AKC000072,Legislature,,,
AKL000020,committee member,27,,lower,ak,,AKC000084,Committee On Committees,,,
AKL000020,member,28,34,lower,ak,Republican,,,,,
AKL000021,member,28,35,lower,ak,Republican,,,,,
AKL000021,committee member,28,,lower,ak,,AKC000227,Fiscal Policy,Finance Subcommittee,,
AKL000021,committee member,28,,lower,ak,,AKC000211,Fish & Game,Finance Subcommittee,,
AKL000021,committee member,28,,lower,ak,,AKC000212,Governor,Finance Subcommittee,,
AKL000021,committee member,28,,lower,ak,,AKC000216,Legislature,Finance Subcommittee,,
AKL000021,committee member,28,,lower,ak,,AKC000084,Committee On Committees,,,
AKL000021,committee member,28,,joint,ak,,AKC000036,Legislative Council,,,
AKL000021,committee member,28,,joint,ak,,AKC000186,Alaska Arctic Policy Commission,,,
AKL000021,committee member,28,,lower,ak,,AKC000053,Finance,,,
AKL000021,committee member,28,,joint,ak,,AKC000032,Legislative Budget & Audit,,,
AKL000021,committee member,28,,lower,ak,,AKC000213,Health & Social Services,Finance Subcommittee,,
AKL000021,member,27,36,lower,ak,Republican,,,,,
AKL000021,committee member,27,,joint,ak,,AKC000148,Alaska Arctic Policy Commission,,,
AKL000021,committee member,27,,joint,ak,,AKC000036,Legislative Council,,,
AKL000021,committee member,27,,lower,ak,,AKC000051,Community & Regional Affairs,,,
AKL000021,committee member,27,,lower,ak,,AKC000058,Rules,,,
AKL000021,committee member,27,,lower,ak,,AKC000062,"Commerce, Community & Economic Dev",,,
AKL000021,committee member,27,,lower,ak,,AKC000068,Fish & Game,,,
AKL000021,committee member,27,,lower,ak,,AKC000069,Governor,,,
AKL000021,committee member,27,,lower,ak,,AKC000072,Legislature,,,
AKL000021,committee member,27,,lower,ak,,AKC000073,Military & Veterans' Affairs,,,
AKL000021,committee member,27,,lower,ak,,AKC000067,Fiscal Policy,,,
AKL000021,committee member,27,,lower,ak,,AKC000081,Fisheries,,,
AKL000021,committee member,27,,lower,ak,,AKC000084,Committee On Committees,,,
AKL000021,member,28,36,lower,ak,Republican,,,,,
AKL000024,member,28,20,lower,ak,Republican,,,,,
AKL000024,committee member,28,,lower,ak,,AKC000227,Fiscal Policy,Finance Subcommittee,,
AKL000024,committee member,28,,lower,ak,,AKC000053,Finance,,,
AKL000024,committee member,28,,lower,ak,,AKC000206,"Commerce, Community & Economic Dev",Finance Subcommittee,,
AKL000024,committee member,28,,lower,ak,,AKC000218,Natural Resources,Finance Subcommittee,,
AKL000024,committee member,28,,lower,ak,,AKC000213,Health & Social Services,Finance Subcommittee,,
AKL000024,member,27,27,lower,ak,Republican,,,,,
AKL000024,committee member,27,,lower,ak,,AKC000053,Finance,,,
AKL000024,committee member,27,,lower,ak,,AKC000062,"Commerce, Community & Economic Dev",,,
AKL000024,committee member,27,,lower,ak,,AKC000074,Natural Resources,,,
AKL000024,committee member,27,,lower,ak,,AKC000078,University Of Alaska,,,
AKL000027,member,28,36,lower,ak,Democratic,,,,,
AKL000027,committee member,28,,lower,ak,,AKC000219,Public Safety,Finance Subcommittee,,
AKL000027,committee member,28,,joint,ak,,AKC000186,Alaska Arctic Policy Commission,,,
AKL000027,committee member,28,,lower,ak,,AKC000053,Finance,,,
AKL000027,committee member,28,,lower,ak,,AKC000207,Corrections,Finance Subcommittee,,
AKL000027,committee member,28,,lower,ak,,AKC000213,Health & Social Services,Finance Subcommittee,,
AKL000027,member,27,37,lower,ak,Democratic,,,,,
AKL000027,committee member,27,,joint,ak,,AKC000148,Alaska Arctic Policy Commission,,,
AKL000027,committee member,27,,joint,ak,,AKC000029,Alaska Northern Waters Task Force,,,
AKL000027,committee member,27,,lower,ak,,AKC000053,Finance,,,
AKL000027,committee member,27,,lower,ak,,AKC000063,Corrections,,,
AKL000027,committee member,27,,lower,ak,,AKC000077,Transportation & Public Facilities,,,
AKL000027,committee member,27,,lower,ak,,AKC000078,University Of Alaska,,,
AKL000027,member,28,37,lower,ak,Democratic,,,,,
AKL000029,member,28,6,lower,ak,Republican,,,,,
AKL000029,committee member,28,,lower,ak,,AKC000222,University Of Alaska,Finance Subcommittee,,
AKL000029,committee member,28,,lower,ak,,AKC000060,Transportation,,,
AKL000029,committee member,28,,lower,ak,,AKC000219,Public Safety,Finance Subcommittee,,
AKL000029,committee member,28,,joint,ak,,AKC000031,Armed Services Committee,,,
AKL000029,committee member,28,,lower,ak,,AKC000057,Resources,,,
AKL000029,committee member,28,,lower,ak,,AKC000218,Natural Resources,Finance Subcommittee,,
AKL000029,committee member,28,,lower,ak,,AKC000081,Fisheries,,,
AKL000029,member,27,12,lower,ak,Republican,,,,,
AKL000029,committee member,27,,joint,ak,,AKC000031,Armed Services Committee,,,
AKL000029,committee member,27,,lower,ak,,AKC000052,Education,,,
AKL000029,committee member,27,,lower,ak,,AKC000057,Resources,,,
AKL000029,committee member,27,,lower,ak,,AKC000060,Transportation,,,
AKL000029,committee member,27,,lower,ak,,AKC000066,Environmental Conservation,,,
AKL000029,committee member,27,,lower,ak,,AKC000074,Natural Resources,,,
AKL000029,committee member,27,,lower,ak,,AKC000075,Public Safety,,,
AKL000029,committee member,27,,lower,ak,,AKC000076,Revenue,,,
AKL000029,member,28,12,lower,ak,Republican,,,,,
AKL000030,member,28,39,lower,ak,Democratic,,,,,
AKL000030,committee member,28,,lower,ak,,AKC000219,Public Safety,Finance Subcommittee,,
AKL000030,committee member,28,,lower,ak,,AKC000055,Judiciary,,,
AKL000030,committee member,28,,lower,ak,,AKC000221,Transportation & Public Facilities,Finance Subcommittee,,
AKL000030,committee member,28,,lower,ak,,AKC000073,Military & Veterans' Affairs,,,
AKL000030,committee member,28,,lower,ak,,AKC000051,Community & Regional Affairs,,,
AKL000030,committee member,28,,lower,ak,,AKC000218,Natural Resources,Finance Subcommittee,,
AKL000030,committee member,28,,lower,ak,,AKC000080,Energy,,,
AKL000030,member,27,39,lower,ak,Democratic,,,,,
AKL000030,committee member,27,,lower,ak,,AKC000051,Community & Regional Affairs,,,
AKL000030,committee member,27,,lower,ak,,AKC000057,Resources,,,
AKL000030,committee member,27,,lower,ak,,AKC000064,Court System,,,
AKL000030,committee member,27,,lower,ak,,AKC000075,Public Safety,,,
AKL000030,committee member,27,,lower,ak,,AKC000077,Transportation & Public Facilities,,,
AKL000030,committee member,27,,lower,ak,,AKC000079,"Econ. Dev., Trade & Tourism",,,
AKL000030,committee member,27,,lower,ak,,AKC000080,Energy,,,
AKL000031,member,28,18,lower,ak,Democratic,,,,,
AKL000031,committee member,28,,lower,ak,,AKC000227,Fiscal Policy,Finance Subcommittee,,
AKL000031,committee member,28,,lower,ak,,AKC000053,Finance,,,
AKL000031,committee member,28,,lower,ak,,AKC000213,Health & Social Services,Finance Subcommittee,,
AKL000031,member,27,23,lower,ak,Democratic,,,,,
AKL000031,committee member,27,,lower,ak,,AKC000053,Finance,,,
AKL000031,committee member,27,,lower,ak,,AKC000078,University Of Alaska,,,
AKL000031,member,28,23,lower,ak,Democratic,,,,,
AKL000034,member,28,14,lower,ak,Democratic,,,,,
AKL000034,committee member,28,,lower,ak,,AKC000058,Rules,,,
AKL000034,committee member,28,,lower,ak,,AKC000055,Judiciary,,,
AKL000034,committee member,28,,lower,ak,,AKC000217,Military & Veterans' Affairs,Finance Subcommittee,,
AKL000034,committee member,28,,joint,ak,,AKC000036,Legislative Council,,,
AKL000034,committee member,28,,lower,ak,,AKC000073,Military & Veterans' Affairs,,,
AKL000034,committee member,28,,lower,ak,,AKC000208,Court System,Finance Subcommittee,,
AKL000034,committee member,28,,lower,ak,,AKC000215,Law,Finance Subcommittee,,
AKL000034,member,27,20,lower,ak,Democratic,,,,,
AKL000034,committee member,27,,lower,ak,,AKC000055,Judiciary,,,
AKL000034,committee member,27,,lower,ak,,AKC000058,Rules,,,
AKL000034,committee member,27,,lower,ak,,AKC000059,State Affairs,,,
AKL000034,committee member,27,,lower,ak,,AKC000060,Transportation,,,
AKL000034,committee member,27,,lower,ak,,AKC000063,Corrections,,,
AKL000034,committee member,27,,lower,ak,,AKC000064,Court System,,,
AKL000034,committee member,27,,lower,ak,,AKC000071,Law,,,
AKL000034,member,28,20,lower,ak,Democratic,,,,,
AKL000037,member,28,37,lower,ak,Democratic,,,,,
AKL000037,committee member,28,,lower,ak,,AKC000058,Rules,,,
AKL000037,committee member,28,,lower,ak,,AKC000219,Public Safety,Finance Subcommittee,,
AKL000037,committee member,28,,lower,ak,,AKC000079,"Econ. Dev., Trade & Tourism",,,
AKL000037,committee member,28,,joint,ak,,AKC000186,Alaska Arctic Policy Commission,,,
AKL000037,committee member,28,,lower,ak,,AKC000221,Transportation & Public Facilities,Finance Subcommittee,,
AKL000037,committee member,28,,lower,ak,,AKC000207,Corrections,Finance Subcommittee,,
AKL000037,committee member,28,,lower,ak,,AKC000051,Community & Regional Affairs,,,
AKL000037,committee member,28,,lower,ak,,AKC000081,Fisheries,,,
AKL000037,committee member,28,,joint,ak,,AKC000032,Legislative Budget & Audit,,,
AKL000037,committee member,28,,lower,ak,,AKC000056,Labor & Commerce,,,
AKL000037,member,27,38,lower,ak,Democratic,,,,,
AKL000037,committee member,27,,joint,ak,,AKC000148,Alaska Arctic Policy Commission,,,
AKL000037,committee member,27,,joint,ak,,AKC000029,Alaska Northern Waters Task Force,,,
AKL000037,committee member,27,,joint,ak,,AKC000036,Legislative Council,,,
AKL000037,committee member,27,,lower,ak,,AKC000054,Health & Social Services,,,
AKL000037,committee member,27,,lower,ak,,AKC000057,Resources,,,
AKL000037,committee member,27,,lower,ak,,AKC000062,"Commerce, Community & Economic Dev",,,
AKL000037,committee member,27,,lower,ak,,AKC000063,Corrections,,,
AKL000037,committee member,27,,lower,ak,,AKC000071,Law,,,
AKL000037,committee member,27,,lower,ak,,AKC000079,"Econ. Dev., Trade & Tourism",,,
AKL000037,committee member,27,,lower,ak,,AKC000067,Fiscal Policy,,,
AKL000037,committee member,27,,lower,ak,,AKC000081,Fisheries,,,
AKL000037,member,28,38,lower,ak,Democratic,,,,,
AKL000037,member,28,37,lower,ak,Democratic,,,,,
AKL000038,member,28,19,lower,ak,Republican,,,,,
AKL000038,committee member,28,,lower,ak,,AKC000227,Fiscal Policy,Finance Subcommittee,,
AKL000038,committee member,28,,lower,ak,,AKC000053,Finance,,,
AKL000038,committee member,28,,lower,ak,,AKC000205,Administration,Finance Subcommittee,,
AKL000038,committee member,28,,lower,ak,,AKC000215,Law,Finance Subcommittee,,
AKL000038,committee member,28,,lower,ak,,AKC000213,Health & Social Services,Finance Subcommittee,,
AKL000038,member,27,26,lower,ak,Democratic,,,,,
AKL000038,committee member,27,,joint,ak,,AKC000036,Legislative Council,,,
AKL000038,committee member,27,,joint,ak,,AKC000146,Victims Advocate Selection Committee,,,
AKL000038,committee member,27,,lower,ak,,AKC000054,Health & Social Services,,,
AKL000038,committee member,27,,lower,ak,,AKC000055,Judiciary,,,
AKL000038,committee member,27,,lower,ak,,AKC000056,Labor & Commerce,,,
AKL000038,committee member,27,,lower,ak,,AKC000068,Fish & Game,,,
AKL000038,committee member,27,,lower,ak,,AKC000071,Law,,,
AKL000038,member,28,26,lower,ak,Republican,,,,,
AKL000040,member,28,21,lower,ak,Republican,,,,,
AKL000040,committee member,28,,lower,ak,,AKC000058,Rules,,,
AKL000040,committee member,28,,joint,ak,,AKC000035,Select Committee On Legislative Ethics,,,
AKL000040,committee member,28,,lower,ak,,AKC000060,Transportation,,,
AKL000040,committee member,28,,lower,ak,,AKC000212,Governor,Finance Subcommittee,,
AKL000040,committee member,28,,lower,ak,,AKC000216,Legislature,Finance Subcommittee,,
AKL000040,committee member,28,,lower,ak,,AKC000057,Resources,,,
AKL000040,committee member,28,,lower,ak,,AKC000079,"Econ. Dev., Trade & Tourism",,,
AKL000040,committee member,28,,lower,ak,,AKC000084,Committee On Committees,,,
AKL000040,committee member,28,,joint,ak,,AKC000036,Legislative Council,,,
AKL000040,committee member,28,,lower,ak,,AKC000208,Court System,Finance Subcommittee,,
AKL000040,committee member,28,,lower,ak,,AKC000205,Administration,Finance Subcommittee,,
AKL000040,committee member,28,,lower,ak,,AKC000081,Fisheries,,,
AKL000040,committee member,28,,lower,ak,,AKC000056,Labor & Commerce,,,
AKL000040,member,27,28,lower,ak,Republican,,,,,
AKL000040,committee member,27,,joint,ak,,AKC000031,Armed Services Committee,,,
AKL000040,committee member,27,,joint,ak,,AKC000035,Select Committee On Legislative Ethics,,,
AKL000040,committee member,27,,joint,ak,,AKC000036,Legislative Council,,,
AKL000040,committee member,27,,lower,ak,,AKC000056,Labor & Commerce,,,
AKL000040,committee member,27,,lower,ak,,AKC000058,Rules,,,
AKL000040,committee member,27,,lower,ak,,AKC000060,Transportation,,,
AKL000040,committee member,27,,lower,ak,,AKC000068,Fish & Game,,,
AKL000040,committee member,27,,lower,ak,,AKC000069,Governor,,,
AKL000040,committee member,27,,lower,ak,,AKC000072,Legislature,,,
AKL000040,committee member,27,,lower,ak,,AKC000074,Natural Resources,,,
AKL000040,committee member,27,,lower,ak,,AKC000067,Fiscal Policy,,,
AKL000040,committee member,27,,lower,ak,,AKC000081,Fisheries,,,
AKL000040,committee member,27,,lower,ak,,AKC000084,Committee On Committees,,,
AKL000040,member,28,28,lower,ak,Republican,,,,,
AKL000042,member,28,4,lower,ak,Democratic,,,,,
AKL000042,committee member,28,,lower,ak,,AKC000219,Public Safety,Finance Subcommittee,,
AKL000042,committee member,28,,lower,ak,,AKC000217,Military & Veterans' Affairs,Finance Subcommittee,,
AKL000042,committee member,28,,lower,ak,,AKC000057,Resources,,,
AKL000042,committee member,28,,lower,ak,,AKC000207,Corrections,Finance Subcommittee,,
AKL000042,committee member,28,,lower,ak,,AKC000210,Environmental Conservation,Finance Subcommittee,,
AKL000042,committee member,28,,joint,ak,,AKC000032,Legislative Budget & Audit,,,
AKL000042,committee member,28,,lower,ak,,AKC000213,Health & Social Services,Finance Subcommittee,,
AKL000042,member,27,9,lower,ak,Democratic,,,,,
AKL000042,committee member,27,,joint,ak,,AKC000032,Legislative Budget & Audit,,,
AKL000042,committee member,27,,joint,ak,,AKC000034,Educ Funding District Cost Factor Comm,,,
AKL000042,committee member,27,,lower,ak,,AKC000052,Education,,,
AKL000042,committee member,27,,lower,ak,,AKC000057,Resources,,,
AKL000042,committee member,27,,lower,ak,,AKC000063,Corrections,,,
AKL000042,committee member,27,,lower,ak,,AKC000064,Court System,,,
AKL000042,committee member,27,,lower,ak,,AKC000075,Public Safety,,,
AKL000042,committee member,27,,lower,ak,,AKC000067,Fiscal Policy,,,
AKL000042,committee member,27,,lower,ak,,AKC000081,Fisheries,,,
AKL000042,member,28,9,lower,ak,Democratic,,,,,
AKL000043,member,28,7,lower,ak,Republican,,,,,
AKL000043,committee member,28,,lower,ak,,AKC000058,Rules,,,
AKL000043,committee member,28,,lower,ak,,AKC000054,Health & Social Services,,,
AKL000043,committee member,28,,lower,ak,,AKC000055,Judiciary,,,
AKL000043,committee member,28,,lower,ak,,AKC000220,Revenue,Finance Subcommittee,,
AKL000043,committee member,28,,lower,ak,,AKC000208,Court System,Finance Subcommittee,,
AKL000043,committee member,28,,lower,ak,,AKC000059,State Affairs,,,
AKL000043,committee member,28,,lower,ak,,AKC000215,Law,Finance Subcommittee,,
AKL000043,member,27,14,lower,ak,Republican,,,,,
AKL000043,committee member,27,,lower,ak,,AKC000054,Health & Social Services,,,
AKL000043,committee member,27,,lower,ak,,AKC000055,Judiciary,,,
AKL000043,committee member,27,,lower,ak,,AKC000059,State Affairs,,,
AKL000043,committee member,27,,lower,ak,,AKC000064,Court System,,,
AKL000043,committee member,27,,lower,ak,,AKC000071,Law,,,
AKL000043,committee member,27,,lower,ak,,AKC000077,Transportation & Public Facilities,,,
AKL000043,committee member,27,,lower,ak,,AKC000079,"Econ. Dev., Trade & Tourism",,,
AKL000043,member,28,14,lower,ak,Republican,,,,,
AKL000044,member,28,23,lower,ak,Republican,,,,,
AKL000044,committee member,28,,lower,ak,,AKC000060,Transportation,,,
AKL000044,committee member,28,,lower,ak,,AKC000055,Judiciary,,,
AKL000044,committee member,28,,lower,ak,,AKC000217,Military & Veterans' Affairs,Finance Subcommittee,,
AKL000044,committee member,28,,joint,ak,,AKC000031,Armed Services Committee,,,
AKL000044,committee member,28,,lower,ak,,AKC000207,Corrections,Finance Subcommittee,,
AKL000044,committee member,28,,lower,ak,,AKC000205,Administration,Finance Subcommittee,,
AKL000044,committee member,28,,lower,ak,,AKC000059,State Affairs,,,
AKL000044,member,27,31,lower,ak,Republican,,,,,
AKL000044,committee member,27,,joint,ak,,AKC000031,Armed Services Committee,,,
AKL000044,committee member,27,,lower,ak,,AKC000055,Judiciary,,,
AKL000044,committee member,27,,lower,ak,,AKC000059,State Affairs,,,
AKL000044,committee member,27,,lower,ak,,AKC000061,Administration,,,
AKL000044,committee member,27,,lower,ak,,AKC000063,Corrections,,,
AKL000044,committee member,27,,lower,ak,,AKC000073,Military & Veterans' Affairs,,,
AKL000044,committee member,27,,lower,ak,,AKC000080,Energy,,,
AKL000044,member,28,31,lower,ak,Republican,,,,,
AKL000046,member,28,24,lower,ak,Republican,,,,,
AKL000046,committee member,28,,joint,ak,,AKC000035,Select Committee On Legislative Ethics,,,
AKL000046,committee member,28,,lower,ak,,AKC000055,Judiciary,,,
AKL000046,committee member,28,,lower,ak,,AKC000206,"Commerce, Community & Economic Dev",Finance Subcommittee,,
AKL000046,committee member,28,,lower,ak,,AKC000205,Administration,Finance Subcommittee,,
AKL000046,committee member,28,,lower,ak,,AKC000214,Labor & Workforce Development,Finance Subcommittee,,
AKL000046,committee member,28,,lower,ak,,AKC000080,Energy,,,
AKL000046,committee member,28,,lower,ak,,AKC000059,State Affairs,,,
AKL000046,committee member,28,,lower,ak,,AKC000225,Task Force On Sustainable Education,,,
AKL000046,committee member,28,,lower,ak,,AKC000056,Labor & Commerce,,,
AKL000046,member,27,30,lower,ak,Republican,,,,,
AKL000046,committee member,27,,lower,ak,,AKC000054,Health & Social Services,,,
AKL000046,committee member,27,,lower,ak,,AKC000061,Administration,,,
AKL000046,member,28,30,lower,ak,Republican,,,,,
AKL000047,member,28,31,lower,ak,Republican,,,,,
AKL000047,committee member,28,,lower,ak,,AKC000222,University Of Alaska,Finance Subcommittee,,
AKL000047,committee member,28,,joint,ak,,AKC000169,Legislative Centennial Commission,,,
AKL000047,committee member,28,,lower,ak,,AKC000053,Finance,,,
AKL000047,committee member,28,,lower,ak,,AKC000210,Environmental Conservation,Finance Subcommittee,,
AKL000047,committee member,28,,lower,ak,,AKC000213,Health & Social Services,Finance Subcommittee,,
AKL000047,member,27,4,lower,ak,Republican,,,,,
AKL000047,committee member,27,,lower,ak,,AKC000051,Community & Regional Affairs,,,
AKL000047,committee member,27,,lower,ak,,AKC000057,Resources,,,
AKL000047,committee member,27,,lower,ak,,AKC000060,Transportation,,,
AKL000047,committee member,27,,lower,ak,,AKC000062,"Commerce, Community & Economic Dev",,,
AKL000047,committee member,27,,lower,ak,,AKC000065,Education & Early Development,,,
AKL000047,committee member,27,,lower,ak,,AKC000070,Labor & Workforce Development,,,
AKL000047,committee member,27,,lower,ak,,AKC000079,"Econ. Dev., Trade & Tourism",,,
AKL000047,member,28,4,lower,ak,Republican,,,,,
AKL000048,member,28,10,lower,ak,Republican,,,,,
AKL000048,committee member,28,,lower,ak,,AKC000221,Transportation & Public Facilities,Finance Subcommittee,,
AKL000048,committee member,28,,lower,ak,,AKC000053,Finance,,,
AKL000048,committee member,28,,lower,ak,,AKC000213,Health & Social Services,Finance Subcommittee,,
AKL000048,member,27,15,lower,ak,Republican,,,,,
AKL000048,committee member,27,,joint,ak,,AKC000148,Alaska Arctic Policy Commission,,,
AKL000048,committee member,27,,joint,ak,,AKC000032,Legislative Budget & Audit,,,
AKL000048,committee member,27,,joint,ak,,AKC000120,Theme-Based Education Task Force,,,
AKL000048,committee member,27,,lower,ak,,AKC000053,Finance,,,
AKL000048,committee member,27,,lower,ak,,AKC000061,Administration,,,
AKL000048,committee member,27,,lower,ak,,AKC000070,Labor & Workforce Development,,,
AKL000048,committee member,27,,lower,ak,,AKC000078,University Of Alaska,,,
AKL000048,member,28,15,lower,ak,Republican,,,,,
AKL000049,member,28,29,lower,ak,Republican,,,,,
AKL000049,committee member,28,,lower,ak,,AKC000058,Rules,,,
AKL000049,committee member,28,,lower,ak,,AKC000211,Fish & Game,Finance Subcommittee,,
AKL000049,committee member,28,,lower,ak,,AKC000057,Resources,,,
AKL000049,committee member,28,,lower,ak,,AKC000079,"Econ. Dev., Trade & Tourism",,,
AKL000049,committee member,28,,lower,ak,,AKC000205,Administration,Finance Subcommittee,,
AKL000049,committee member,28,,lower,ak,,AKC000051,Community & Regional Affairs,,,
AKL000049,committee member,28,,lower,ak,,AKC000081,Fisheries,,,
AKL000049,committee member,28,,lower,ak,,AKC000214,Labor & Workforce Development,Finance Subcommittee,,
AKL000049,committee member,28,,joint,ak,,AKC000032,Legislative Budget & Audit,,,
AKL000049,committee member,28,,lower,ak,,AKC000056,Labor & Commerce,,,
AKL000049,member,27,33,lower,ak,Republican,,,,,
AKL000049,committee member,27,,upper,ak,,AKC000001,Community & Regional Affairs,,,
AKL000049,committee member,27,,upper,ak,,AKC000003,Finance,,,
AKL000049,committee member,27,,upper,ak,,AKC000004,Health & Social Services,,,
AKL000049,committee member,27,,upper,ak,,AKC000016,Environmental Conservation,,,
AKL000049,committee member,27,,upper,ak,,AKC000017,Fish & Game,,,
AKL000049,committee member,27,,upper,ak,,AKC000024,Public Safety,,,
AKL000049,committee member,27,,upper,ak,,AKC000027,University Of Alaska,,,
AKL000049,committee member,27,,joint,ak,,AKC000030,Administrative Regulation Review,,,
AKL000049,committee member,27,,joint,ak,,AKC000032,Legislative Budget & Audit,,,
AKL000049,committee member,27,,joint,ak,,AKC000146,Victims Advocate Selection Committee,,,
AKL000049,committee member,27,,lower,ak,,AKC000056,Labor & Commerce,,,
AKL000049,committee member,27,,lower,ak,,AKC000058,Rules,,,
AKL000049,committee member,27,,lower,ak,,AKC000061,Administration,,,
AKL000049,committee member,27,,lower,ak,,AKC000070,Labor & Workforce Development,,,
AKL000049,committee member,27,,lower,ak,,AKC000077,Transportation & Public Facilities,,,
AKL000049,committee member,27,,lower,ak,,AKC000079,"Econ. Dev., Trade & Tourism",,,
AKL000049,committee member,27,,lower,ak,,AKC000080,Energy,,,
AKL000049,member,28,33,lower,ak,Republican,,,,,
AKL000051,member,28,25,lower,ak,Republican,,,,,
AKL000051,committee member,28,,lower,ak,,AKC000054,Health & Social Services,,,
AKL000051,committee member,28,,lower,ak,,AKC000212,Governor,Finance Subcommittee,,
AKL000051,committee member,28,,lower,ak,,AKC000055,Judiciary,,,
AKL000051,committee member,28,,lower,ak,,AKC000216,Legislature,Finance Subcommittee,,
AKL000051,committee member,28,,lower,ak,,AKC000079,"Econ. Dev., Trade & Tourism",,,
AKL000051,committee member,28,,lower,ak,,AKC000084,Committee On Committees,,,
AKL000051,committee member,28,,joint,ak,,AKC000036,Legislative Council,,,
AKL000051,committee member,28,,lower,ak,,AKC000218,Natural Resources,Finance Subcommittee,,
AKL000051,committee member,28,,lower,ak,,AKC000210,Environmental Conservation,Finance Subcommittee,,
AKL000051,committee member,28,,lower,ak,,AKC000215,Law,Finance Subcommittee,,
AKL000051,member,27,21,lower,ak,Republican,,,,,
AKL000051,committee member,27,,lower,ak,,AKC000052,Education,,,
AKL000051,committee member,27,,lower,ak,,AKC000055,Judiciary,,,
AKL000051,committee member,27,,lower,ak,,AKC000060,Transportation,,,
AKL000051,committee member,27,,lower,ak,,AKC000074,Natural Resources,,,
AKL000051,committee member,27,,lower,ak,,AKC000075,Public Safety,,,
AKL000051,committee member,27,,lower,ak,,AKC000076,Revenue,,,
AKL000051,committee member,27,,lower,ak,,AKC000080,Energy,,,
AKL000051,committee member,27,,lower,ak,,AKC000067,Fiscal Policy,,,
AKL000051,committee member,27,,lower,ak,,AKC000081,Fisheries,,,
AKL000051,member,28,21,lower,ak,Republican,,,,,
AKL000052,member,28,12,lower,ak,Republican,,,,,
AKL000052,committee member,28,,lower,ak,,AKC000217,Military & Veterans' Affairs,Finance Subcommittee,,
AKL000052,committee member,28,,joint,ak,,AKC000031,Armed Services Committee,,,
AKL000052,committee member,28,,lower,ak,,AKC000057,Resources,,,
AKL000052,committee member,28,,joint,ak,,AKC000149,Autism Early Diag./Treat. Task Force,,,
AKL000052,committee member,28,,lower,ak,,AKC000073,Military & Veterans' Affairs,,,
AKL000052,committee member,28,,lower,ak,,AKC000206,"Commerce, Community & Economic Dev",Finance Subcommittee,,
AKL000052,committee member,28,,lower,ak,,AKC000218,Natural Resources,Finance Subcommittee,,
AKL000052,committee member,28,,lower,ak,,AKC000052,Education,,,
AKL000052,committee member,28,,lower,ak,,AKC000056,Labor & Commerce,,,
AKL000052,member,27,18,lower,ak,Republican,,,,,
AKL000052,committee member,27,,joint,ak,,AKC000031,Armed Services Committee,,,
AKL000052,committee member,27,,lower,ak,,AKC000051,Community & Regional Affairs,,,
AKL000052,committee member,27,,lower,ak,,AKC000056,Labor & Commerce,,,
AKL000052,committee member,27,,lower,ak,,AKC000062,"Commerce, Community & Economic Dev",,,
AKL000052,committee member,27,,lower,ak,,AKC000073,Military & Veterans' Affairs,,,
AKL000052,committee member,27,,lower,ak,,AKC000074,Natural Resources,,,
AKL000052,committee member,27,,lower,ak,,AKC000080,Energy,,,
AKL000052,committee member,27,,joint,ak,,AKC000149,Autism Early Diag./Treat. Task Force,,,
AKL000052,member,28,18,lower,ak,Republican,,,,,
AKL000053,member,28,30,lower,ak,Republican,,,,,
AKL000053,committee member,28,,lower,ak,,AKC000054,Health & Social Services,,,
AKL000053,committee member,28,,lower,ak,,AKC000211,Fish & Game,Finance Subcommittee,,
AKL000053,committee member,28,,lower,ak,,AKC000057,Resources,,,
AKL000053,committee member,28,,lower,ak,,AKC000221,Transportation & Public Facilities,Finance Subcommittee,,
AKL000053,committee member,28,,lower,ak,,AKC000210,Environmental Conservation,Finance Subcommittee,,
AKL000053,committee member,28,,lower,ak,,AKC000081,Fisheries,,,
AKL000053,committee member,28,,lower,ak,,AKC000052,Education,,,
AKL000053,member,27,35,lower,ak,Republican,,,,,
AKL000053,committee member,27,,joint,ak,,AKC000033,Higher Educ/Career Readiness Task Force,,,
AKL000053,committee member,27,,joint,ak,,AKC000034,Educ Funding District Cost Factor Comm,,,
AKL000053,committee member,27,,lower,ak,,AKC000052,Education,,,
AKL000053,committee member,27,,lower,ak,,AKC000057,Resources,,,
AKL000053,committee member,27,,lower,ak,,AKC000059,State Affairs,,,
AKL000053,committee member,27,,lower,ak,,AKC000061,Administration,,,
AKL000053,committee member,27,,lower,ak,,AKC000065,Education & Early Development,,,
AKL000053,committee member,27,,lower,ak,,AKC000066,Environmental Conservation,,,
AKL000053,member,28,35,lower,ak,Republican,,,,,
AKL000054,member,28,11,lower,ak,Republican,,,,,
AKL000054,committee member,28,,lower,ak,,AKC000227,Fiscal Policy,Finance Subcommittee,,
AKL000054,committee member,28,,joint,ak,,AKC000169,Legislative Centennial Commission,,,
AKL000054,committee member,28,,lower,ak,,AKC000211,Fish & Game,Finance Subcommittee,,
AKL000054,committee member,28,,lower,ak,,AKC000212,Governor,Finance Subcommittee,,
AKL000054,committee member,28,,lower,ak,,AKC000216,Legislature,Finance Subcommittee,,
AKL000054,committee member,28,,lower,ak,,AKC000084,Committee On Committees,,,
AKL000054,committee member,28,,joint,ak,,AKC000036,Legislative Council,,,
AKL000054,committee member,28,,lower,ak,,AKC000053,Finance,,,
AKL000054,committee member,28,,lower,ak,,AKC000208,Court System,Finance Subcommittee,,
AKL000054,committee member,28,,lower,ak,,AKC000215,Law,Finance Subcommittee,,
AKL000054,committee member,28,,joint,ak,,AKC000032,Legislative Budget & Audit,,,
AKL000054,committee member,28,,lower,ak,,AKC000213,Health & Social Services,Finance Subcommittee,,
AKL000054,member,27,16,lower,ak,Republican,,,,,
AKL000054,committee member,27,,joint,ak,,AKC000032,Legislative Budget & Audit,,,
AKL000054,committee member,27,,joint,ak,,AKC000147,Legislative Celebration Commission,,,
AKL000054,committee member,27,,joint,ak,,AKC000036,Legislative Council,,,
AKL000054,committee member,27,,joint,ak,,AKC000120,Theme-Based Education Task Force,,,
AKL000054,committee member,27,,lower,ak,,AKC000053,Finance,,,
AKL000054,committee member,27,,lower,ak,,AKC000064,Court System,,,
AKL000054,committee member,27,,lower,ak,,AKC000069,Governor,,,
AKL000054,committee member,27,,lower,ak,,AKC000071,Law,,,
AKL000054,committee member,27,,lower,ak,,AKC000072,Legislature,,,
AKL000054,committee member,27,,lower,ak,,AKC000075,Public Safety,,,
AKL000054,committee member,27,,lower,ak,,AKC000078,University Of Alaska,,,
AKL000054,committee member,27,,lower,ak,,AKC000084,Committee On Committees,,,
AKL000054,member,28,16,lower,ak,Republican,,,,,
AKL000054,member,28,11,lower,ak,Republican,,,,,
AKL000056,member,28,3,lower,ak,Republican,,,,,
AKL000056,committee member,28,,lower,ak,,AKC000227,Fiscal Policy,Finance Subcommittee,,
AKL000056,committee member,28,,lower,ak,,AKC000217,Military & Veterans' Affairs,Finance Subcommittee,,
AKL000056,committee member,28,,lower,ak,,AKC000220,Revenue,Finance Subcommittee,,
AKL000056,committee member,28,,lower,ak,,AKC000053,Finance,,,
AKL000056,committee member,28,,lower,ak,,AKC000213,Health & Social Services,Finance Subcommittee,,
AKL000056,member,27,10,lower,ak,Republican,,,,,
AKL000056,committee member,27,,lower,ak,,AKC000055,Judiciary,,,
AKL000056,committee member,27,,lower,ak,,AKC000056,Labor & Commerce,,,
AKL000056,committee member,27,,lower,ak,,AKC000068,Fish & Game,,,
AKL000056,committee member,27,,lower,ak,,AKC000070,Labor & Workforce Development,,,
AKL000056,committee member,27,,lower,ak,,AKC000073,Military & Veterans' Affairs,,,
AKL000056,committee member,27,,lower,ak,,AKC000075,Public Safety,,,
AKL000056,committee member,27,,lower,ak,,AKC000079,"Econ. Dev., Trade & Tourism",,,
AKL000056,committee member,27,,lower,ak,,AKC000081,Fisheries,,,
AKL000056,member,28,10,lower,ak,Republican,,,,,
AKL000057,member,28,22,lower,ak,Democratic,,,,,
AKL000057,committee member,28,,lower,ak,,AKC000211,Fish & Game,Finance Subcommittee,,
AKL000057,committee member,28,,joint,ak,,AKC000035,Select Committee On Legislative Ethics,,,
AKL000057,committee member,28,,lower,ak,,AKC000212,Governor,Finance Subcommittee,,
AKL000057,committee member,28,,lower,ak,,AKC000216,Legislature,Finance Subcommittee,,
AKL000057,committee member,28,,lower,ak,,AKC000084,Committee On Committees,,,
AKL000057,committee member,28,,lower,ak,,AKC000220,Revenue,Finance Subcommittee,,
AKL000057,committee member,28,,lower,ak,,AKC000205,Administration,Finance Subcommittee,,
AKL000057,member,27,29,lower,ak,Democratic,,,,,
AKL000057,committee member,27,,joint,ak,,AKC000030,Administrative Regulation Review,,,
AKL000057,committee member,27,,joint,ak,,AKC000035,Select Committee On Legislative Ethics,,,
AKL000057,committee member,27,,lower,ak,,AKC000058,Rules,,,
AKL000057,committee member,27,,lower,ak,,AKC000061,Administration,,,
AKL000057,committee member,27,,lower,ak,,AKC000062,"Commerce, Community & Economic Dev",,,
AKL000057,committee member,27,,lower,ak,,AKC000070,Labor & Workforce Development,,,
AKL000057,committee member,27,,lower,ak,,AKC000079,"Econ. Dev., Trade & Tourism",,,
AKL000057,committee member,27,,lower,ak,,AKC000080,Energy,,,
AKL000057,committee member,27,,lower,ak,,AKC000067,Fiscal Policy,,,
AKL000057,member,28,29,lower,ak,Democratic,,,,,
AKL000058,member,28,33,lower,ak,Republican,,,,,
AKL000058,committee member,28,,lower,ak,,AKC000060,Transportation,,,
AKL000058,committee member,28,,lower,ak,,AKC000057,Resources,,,
AKL000058,committee member,28,,lower,ak,,AKC000084,Committee On Committees,,,
AKL000058,committee member,28,,joint,ak,,AKC000036,Legislative Council,,,
AKL000058,committee member,28,,lower,ak,,AKC000206,"Commerce, Community & Economic Dev",Finance Subcommittee,,
AKL000058,committee member,28,,lower,ak,,AKC000209,Education & Early Development,Finance Subcommittee,,
AKL000058,committee member,28,,lower,ak,,AKC000210,Environmental Conservation,Finance Subcommittee,,
AKL000058,committee member,28,,lower,ak,,AKC000052,Education,,,
AKL000058,member,27,2,lower,ak,Republican,,,,,
AKL000058,committee member,27,,joint,ak,,AKC000034,Educ Funding District Cost Factor Comm,,,
AKL000058,committee member,27,,joint,ak,,AKC000036,Legislative Council,,,
AKL000058,committee member,27,,lower,ak,,AKC000052,Education,,,
AKL000058,committee member,27,,lower,ak,,AKC000057,Resources,,,
AKL000058,committee member,27,,lower,ak,,AKC000059,State Affairs,,,
AKL000058,committee member,27,,lower,ak,,AKC000060,Transportation,,,
AKL000058,committee member,27,,lower,ak,,AKC000063,Corrections,,,
AKL000058,committee member,27,,lower,ak,,AKC000065,Education & Early Development,,,
AKL000058,committee member,27,,lower,ak,,AKC000077,Transportation & Public Facilities,,,
AKL000058,member,28,2,lower,ak,Republican,,,,,
AKL000059,member,28,2,lower,ak,Republican,,,,,
AKL000059,committee member,28,,lower,ak,,AKC000053,Finance,,,
AKL000059,committee member,28,,lower,ak,,AKC000209,Education & Early Development,Finance Subcommittee,,
AKL000059,committee member,28,,lower,ak,,AKC000214,Labor & Workforce Development,Finance Subcommittee,,
AKL000059,committee member,28,,lower,ak,,AKC000213,Health & Social Services,Finance Subcommittee,,
AKL000059,committee member,28,,lower,ak,,AKC000225,Task Force On Sustainable Education,,,
AKL000059,member,27,11,lower,ak,Republican,,,,,
AKL000059,committee member,27,,joint,ak,,AKC000145,Ombudsman Selection Committee,,,
AKL000059,committee member,27,,lower,ak,,AKC000053,Finance,,,
AKL000059,committee member,27,,lower,ak,,AKC000065,Education & Early Development,,,
AKL000059,committee member,27,,lower,ak,,AKC000078,University Of Alaska,,,
AKL000059,committee member,27,,lower,ak,,AKC000067,Fiscal Policy,,,
AKL000059,member,28,11,lower,ak,Republican,,,,,
AKL000060,member,28,8,lower,ak,Republican,,,,,
AKL000060,committee member,28,,lower,ak,,AKC000222,University Of Alaska,Finance Subcommittee,,
AKL000060,committee member,28,,joint,ak,,AKC000226,Unmanned Aircraft Systems Leg Task Force,,,
AKL000060,committee member,28,,lower,ak,,AKC000211,Fish & Game,Finance Subcommittee,,
AKL000060,committee member,28,,lower,ak,,AKC000079,"Econ. Dev., Trade & Tourism",,,
AKL000060,committee member,28,,lower,ak,,AKC000073,Military & Veterans' Affairs,,,
AKL000060,committee member,28,,lower,ak,,AKC000080,Energy,,,
AKL000060,committee member,28,,lower,ak,,AKC000059,State Affairs,,,
AKL000060,member,27,13,lower,ak,Republican,,,,,
AKL000060,member,28,13,lower,ak,Republican,,,,,
AKL000069,member,28,16,lower,ak,Democratic,,,,,
AKL000069,committee member,28,,lower,ak,,AKC000079,"Econ. Dev., Trade & Tourism",,,
AKL000069,committee member,28,,lower,ak,,AKC000221,Transportation & Public Facilities,Finance Subcommittee,,
AKL000069,committee member,28,,lower,ak,,AKC000206,"Commerce, Community & Economic Dev",Finance Subcommittee,,
AKL000069,committee member,28,,lower,ak,,AKC000205,Administration,Finance Subcommittee,,
AKL000069,committee member,28,,lower,ak,,AKC000209,Education & Early Development,Finance Subcommittee,,
AKL000069,committee member,28,,lower,ak,,AKC000052,Education,,,
AKL000069,member,28,"
16",lower,ak,Democratic,,,,,
AKL000071,member,28,5,lower,ak,Republican,,,,,
AKL000071,committee member,28,,lower,ak,,AKC000054,Health & Social Services,,,
AKL000071,committee member,28,,lower,ak,,AKC000079,"Econ. Dev., Trade & Tourism",,,
AKL000071,committee member,28,,lower,ak,,AKC000220,Revenue,Finance Subcommittee,,
AKL000071,committee member,28,,lower,ak,,AKC000073,Military & Veterans' Affairs,,,
AKL000071,committee member,28,,lower,ak,,AKC000208,Court System,Finance Subcommittee,,
AKL000071,committee member,28,,lower,ak,,AKC000210,Environmental Conservation,Finance Subcommittee,,
AKL000071,committee member,28,,lower,ak,,AKC000080,Energy,,,
AKL000072,member,28,1,lower,ak,Republican,,,,,
AKL000072,committee member,28,,lower,ak,,AKC000060,Transportation,,,
AKL000072,committee member,28,,lower,ak,,AKC000217,Military & Veterans' Affairs,Finance Subcommittee,,
AKL000072,committee member,28,,joint,ak,,AKC000031,Armed Services Committee,,,
AKL000072,committee member,28,,lower,ak,,AKC000221,Transportation & Public Facilities,Finance Subcommittee,,
AKL000072,committee member,28,,lower,ak,,AKC000207,Corrections,Finance Subcommittee,,
AKL000072,committee member,28,,lower,ak,,AKC000080,Energy,,,
AKL000072,committee member,28,,lower,ak,,AKC000059,State Affairs,,,
AKL000073,member,28,15,lower,ak,Democratic,,,,,
AKL000073,committee member,28,,lower,ak,,AKC000222,University Of Alaska,Finance Subcommittee,,
AKL000073,committee member,28,,joint,ak,,AKC000035,Select Committee On Legislative Ethics,,,
AKL000073,committee member,28,,lower,ak,,AKC000206,"Commerce, Community & Economic Dev",Finance Subcommittee,,
AKL000073,committee member,28,,lower,ak,,AKC000209,Education & Early Development,Finance Subcommittee,,
AKL000073,committee member,28,,lower,ak,,AKC000080,Energy,,,
AKL000073,committee member,28,,lower,ak,,AKC000215,Law,Finance Subcommittee,,
AKL000073,committee member,28,,joint,ak,,AKC000032,Legislative Budget & Audit,,,
AKL000073,committee member,28,,lower,ak,,AKC000056,Labor & Commerce,,,
AKL000074,member,28,34,lower,ak,Democratic,,,,,
AKL000074,committee member,28,,lower,ak,,AKC000060,Transportation,,,
AKL000074,committee member,28,,lower,ak,,AKC000221,Transportation & Public Facilities,Finance Subcommittee,,
AKL000074,committee member,28,,lower,ak,,AKC000208,Court System,Finance Subcommittee,,
AKL000074,committee member,28,,lower,ak,,AKC000218,Natural Resources,Finance Subcommittee,,
AKL000074,committee member,28,,lower,ak,,AKC000081,Fisheries,,,
AKL000074,committee member,28,,lower,ak,,AKC000214,Labor & Workforce Development,Finance Subcommittee,,
AKL000074,committee member,28,,lower,ak,,AKC000059,State Affairs,,,
AKL000075,member,28,13,lower,ak,Republican,,,,,
AKL000075,committee member,28,,lower,ak,,AKC000055,Judiciary,,,
AKL000075,committee member,28,,lower,ak,,AKC000217,Military & Veterans' Affairs,Finance Subcommittee,,
AKL000075,committee member,28,,lower,ak,,AKC000073,Military & Veterans' Affairs,,,
AKL000075,committee member,28,,lower,ak,,AKC000206,"Commerce, Community & Economic Dev",Finance Subcommittee,,
AKL000075,committee member,28,,lower,ak,,AKC000051,Community & Regional Affairs,,,
AKL000075,committee member,28,,lower,ak,,AKC000215,Law,Finance Subcommittee,,
AKL000075,committee member,28,,lower,ak,,AKC000052,Education,,,
AKL000077,member,28,26,lower,ak,Republican,,,,,
AKL000077,committee member,28,,lower,ak,,AKC000054,Health & Social Services,,,
AKL000077,committee member,28,,lower,ak,,AKC000222,University Of Alaska,Finance Subcommittee,,
AKL000077,committee member,28,,lower,ak,,AKC000073,Military & Veterans' Affairs,,,
AKL000077,committee member,28,,joint,ak,,AKC000030,Administrative Regulation Review,,,
AKL000077,committee member,28,,lower,ak,,AKC000209,Education & Early Development,Finance Subcommittee,,
AKL000077,committee member,28,,lower,ak,,AKC000051,Community & Regional Affairs,,,
AKL000077,committee member,28,,lower,ak,,AKC000214,Labor & Workforce Development,Finance Subcommittee,,
AKL000077,committee member,28,,lower,ak,,AKC000052,Education,,,
AKL000077,committee member,28,,lower,ak,,AKC000056,Labor & Commerce,,,
AKL000078,member,28,17,lower,ak,Democratic,,,,,
AKL000078,committee member,28,,lower,ak,,AKC000054,Health & Social Services,,,
AKL000078,committee member,28,,lower,ak,,AKC000219,Public Safety,Finance Subcommittee,,
AKL000078,committee member,28,,joint,ak,,AKC000031,Armed Services Committee,,,
AKL000078,committee member,28,,lower,ak,,AKC000057,Resources,,,
AKL000078,committee member,28,,lower,ak,,AKC000079,"Econ. Dev., Trade & Tourism",,,
AKL000078,committee member,28,,joint,ak,,AKC000030,Administrative Regulation Review,,,
AKL000078,committee member,28,,lower,ak,,AKC000210,Environmental Conservation,Finance Subcommittee,,
AKL000078,committee member,28,,lower,ak,,AKC000214,Labor & Workforce Development,Finance Subcommittee,,
AKL000070,member,28,9,lower,ak,Republican,,,,,
AKL000070,committee member,28,,lower,ak,,AKC000229,Free Conference Committee On Hb 278,,,
AKL000070,committee member,28,,lower,ak,,AKC000060,Transportation,,,
AKL000070,committee member,28,,upper,ak,,AKC000230,Free Conference Committee On Hb 278,,,
AKL000070,committee member,28,,lower,ak,,AKC000079,"Econ. Dev., Trade & Tourism",,,
AKL000070,committee member,28,,lower,ak,,AKC000220,Revenue,Finance Subcommittee,,
AKL000070,committee member,28,,lower,ak,,AKC000209,Education & Early Development,Finance Subcommittee,,
AKL000070,committee member,28,,lower,ak,,AKC000081,Fisheries,,,
AKL000070,committee member,28,,lower,ak,,AKC000214,Labor & Workforce Development,Finance Subcommittee,,
AKL000070,committee member,28,,lower,ak,,AKC000059,State Affairs,,,
AKL000070,committee member,28,,lower,ak,,AKC000052,Education,,,
AKL000070,committee member,28,,lower,ak,,AKC000225,Task Force On Sustainable Education,,,
AKL000122,member,28,32,lower,ak,Democratic,,,,,
AKL000122,committee member,28,,lower,ak,,AKC000229,Free Conference Committee On Hb 278,,,
AKL000122,committee member,28,,upper,ak,,AKC000230,Free Conference Committee On Hb 278,,,
AKL000122,committee member,28,,lower,ak,,AKC000051,Community & Regional Affairs,,,
AKL000122,committee member,28,,lower,ak,,AKC000052,Education,,,
AKL000076,member,28,40,lower,ak,Democratic,,,,,
AKL000076,committee member,28,,lower,ak,,AKC000054,Health & Social Services,,,
AKL000076,committee member,28,,lower,ak,,AKC000222,University Of Alaska,Finance Subcommittee,,
AKL000076,committee member,28,,joint,ak,,AKC000186,Alaska Arctic Policy Commission,,,
AKL000076,committee member,28,,lower,ak,,AKC000208,Court System,Finance Subcommittee,,
AKL000076,committee member,28,,lower,ak,,AKC000209,Education & Early Development,Finance Subcommittee,,
AKL000076,committee member,28,,lower,ak,,AKC000051,Community & Regional Affairs,,,
AKL000076,committee member,28,,lower,ak,,AKC000080,Energy,,,
AKL000035,member,28,38,lower,ak,Democratic,,,,,
AKL000035,committee member,28,,lower,ak,,AKC000222,University Of Alaska,Finance Subcommittee,,
AKL000035,committee member,28,,joint,ak,,AKC000186,Alaska Arctic Policy Commission,,,
AKL000035,committee member,28,,lower,ak,,AKC000053,Finance,,,
AKL000035,committee member,28,,lower,ak,,AKC000218,Natural Resources,Finance Subcommittee,,
AKL000035,committee member,28,,lower,ak,,AKC000213,Health & Social Services,Finance Subcommittee,,
AKL000035,member,27,8,lower,ak,Democratic,,,,,
AKL000035,committee member,27,,lower,ak,,AKC000053,Finance,,,
AKL000035,committee member,27,,lower,ak,,AKC000066,Environmental Conservation,,,
AKL000035,committee member,27,,lower,ak,,AKC000074,Natural Resources,,,
AKL000035,committee member,27,,lower,ak,,AKC000077,Transportation & Public Facilities,,,
AKL000035,committee member,27,,lower,ak,,AKC000078,University Of Alaska,,,
AKL000035,member,28,8,lower,ak,Democratic,,,,,
AKL000001,member,28,R,upper,ak,Republican,,,,,
AKL000001,committee member,28,,upper,ak,,AKC000121,World Trade,,,
AKL000001,committee member,28,,joint,ak,,AKC000169,Legislative Centennial Commission,,,
AKL000001,committee member,28,,upper,ak,,AKC000193,Fish & Game,Finance Subcommittee,,
AKL000001,committee member,28,,upper,ak,,AKC000204,University Of Alaska,Finance Subcommittee,,
AKL000001,committee member,28,,upper,ak,,AKC000002,Education,,,
AKL000001,committee member,28,,joint,ak,,AKC000036,Legislative Council,,,
AKL000001,committee member,28,,joint,ak,,AKC000186,Alaska Arctic Policy Commission,,,
AKL000001,committee member,28,,joint,ak,,AKC000030,Administrative Regulation Review,,,
AKL000001,committee member,28,,upper,ak,,AKC000191,Education & Early Development,Finance Subcommittee,,
AKL000001,member,27,R,upper,ak,Republican,,,,,
AKL000001,committee member,27,,upper,ak,,AKC000002,Education,,,
AKL000001,committee member,27,,upper,ak,,AKC000007,Resources,,,
AKL000001,committee member,27,,upper,ak,,AKC000008,Rules,,,
AKL000001,committee member,27,,upper,ak,,AKC000015,Education & Early Development,,,
AKL000001,committee member,27,,upper,ak,,AKC000017,Fish & Game,,,
AKL000001,committee member,27,,upper,ak,,AKC000018,Governor,,,
AKL000001,committee member,27,,upper,ak,,AKC000021,Legislature,,,
AKL000001,committee member,27,,upper,ak,,AKC000121,World Trade,,,
AKL000001,committee member,27,,joint,ak,,AKC000148,Alaska Arctic Policy Commission,,,
AKL000001,committee member,27,,joint,ak,,AKC000033,Higher Educ/Career Readiness Task Force,,,
AKL000001,committee member,27,,joint,ak,,AKC000034,Educ Funding District Cost Factor Comm,,,
AKL000001,committee member,27,,joint,ak,,AKC000035,Select Committee On Legislative Ethics,,,
AKL000001,committee member,27,,joint,ak,,AKC000147,Legislative Celebration Commission,,,
AKL000001,committee member,27,,joint,ak,,AKC000036,Legislative Council,,,
AKL000001,committee member,27,,upper,ak,,AKC000039,Committee On Committees,,,
AKL000003,member,28,E,upper,ak,Republican,,,,,
AKL000003,committee member,28,,upper,ak,,AKC000039,Committee On Committees,,,
AKL000003,committee member,28,,upper,ak,,AKC000121,World Trade,,,
AKL000003,committee member,28,,upper,ak,,AKC000198,Legislature,Finance Subcommittee,,
AKL000003,committee member,28,,upper,ak,,AKC000002,Education,,,
AKL000003,committee member,28,,joint,ak,,AKC000036,Legislative Council,,,
AKL000003,committee member,28,,upper,ak,,AKC000194,Governor,Finance Subcommittee,,
AKL000003,committee member,28,,upper,ak,,AKC000008,Rules,,,
AKL000003,member,27,H,upper,ak,Republican,,,,,
AKL000003,committee member,27,,upper,ak,,AKC000010,Transportation,,,
AKL000003,committee member,27,,upper,ak,,AKC000017,Fish & Game,,,
AKL000003,committee member,27,,joint,ak,,AKC000031,Armed Services Committee,,,
AKL000003,committee member,27,,joint,ak,,AKC000033,Higher Educ/Career Readiness Task Force,,,
AKL000003,committee member,27,,joint,ak,,AKC000034,Educ Funding District Cost Factor Comm,,,
AKL000003,committee member,27,,upper,ak,,AKC000095,Joint Veterans Caucus,,,
AKL000003,member,28,H,upper,ak,Republican,,,,,
AKL000004,member,28,A,upper,ak,Republican,,,,,
AKL000004,committee member,28,,upper,ak,,AKC000039,Committee On Committees,,,
AKL000004,committee member,28,,upper,ak,,AKC000195,Health & Social Services,Finance Subcommittee,,
AKL000004,committee member,28,,upper,ak,,AKC000223,Special Comm On In-State Energy,,,
AKL000004,committee member,28,,upper,ak,,AKC000009,State Affairs,,,
AKL000004,committee member,28,,joint,ak,,AKC000031,Armed Services Committee,,,
AKL000004,committee member,28,,joint,ak,,AKC000036,Legislative Council,,,
AKL000004,committee member,28,,upper,ak,,AKC000201,Public Safety,Finance Subcommittee,,
AKL000004,committee member,28,,upper,ak,,AKC000005,Judiciary,,,
AKL000004,committee member,28,,upper,ak,,AKC000187,Administration,Finance Subcommittee,,
AKL000004,committee member,28,,upper,ak,,AKC000008,Rules,,,
AKL000004,member,27,F,upper,ak,Republican,,,,,
AKL000004,committee member,27,,upper,ak,,AKC000004,Health & Social Services,,,
AKL000004,committee member,27,,upper,ak,,AKC000005,Judiciary,,,
AKL000004,committee member,27,,joint,ak,,AKC000035,Select Committee On Legislative Ethics,,,
AKL000004,member,28,F,upper,ak,Republican,,,,,
AKL000006,member,28,F,upper,ak,Republican,,,,,
AKL000006,committee member,28,,upper,ak,,AKC000009,State Affairs,,,
AKL000006,committee member,28,,joint,ak,,AKC000031,Armed Services Committee,,,
AKL000006,committee member,28,,upper,ak,,AKC000203,Transportation & Public Facilities,Finance Subcommittee,,
AKL000006,committee member,28,,upper,ak,,AKC000010,Transportation,,,
AKL000006,committee member,28,,upper,ak,,AKC000201,Public Safety,Finance Subcommittee,,
AKL000006,committee member,28,,upper,ak,,AKC000005,Judiciary,,,
AKL000006,committee member,28,,upper,ak,,AKC000007,Resources,,,
AKL000006,committee member,28,,upper,ak,,AKC000189,Corrections,Finance Subcommittee,,
AKL000006,member,27,I,upper,ak,Republican,,,,,
AKL000006,committee member,27,,upper,ak,,AKC000024,Public Safety,,,
AKL000006,member,28,I,upper,ak,Republican,,,,,
AKL000007,member,28,P,upper,ak,Democratic,,,,,
AKL000007,committee member,28,,upper,ak,,AKC000223,Special Comm On In-State Energy,,,
AKL000007,committee member,28,,upper,ak,,AKC000193,Fish & Game,Finance Subcommittee,,
AKL000007,committee member,28,,upper,ak,,AKC000190,Court System,Finance Subcommittee,,
AKL000007,committee member,28,,upper,ak,,AKC000010,Transportation,,,
AKL000007,committee member,28,,upper,ak,,AKC000188,"Commerce, Community & Economic Dev",Finance Subcommittee,,
AKL000007,committee member,28,,joint,ak,,AKC000036,Legislative Council,,,
AKL000007,committee member,28,,upper,ak,,AKC000001,Community & Regional Affairs,,,
AKL000007,member,27,B,upper,ak,Democratic,,,,,
AKL000007,committee member,27,,upper,ak,,AKC000003,Finance,,,
AKL000007,committee member,27,,upper,ak,,AKC000006,Labor & Commerce,,,
AKL000007,committee member,27,,upper,ak,,AKC000010,Transportation,,,
AKL000007,committee member,27,,upper,ak,,AKC000014,Court System,,,
AKL000007,committee member,27,,upper,ak,,AKC000015,Education & Early Development,,,
AKL000007,committee member,27,,upper,ak,,AKC000022,Military & Veterans' Affairs,,,
AKL000007,committee member,27,,upper,ak,,AKC000027,University Of Alaska,,,
AKL000007,committee member,27,,joint,ak,,AKC000036,Legislative Council,,,
AKL000007,committee member,27,,joint,ak,,AKC000145,Ombudsman Selection Committee,,,
AKL000007,member,28,B,upper,ak,Democratic,,,,,
AKL000008,member,28,I,upper,ak,Democratic,,,,,
AKL000008,committee member,28,,upper,ak,,AKC000039,Committee On Committees,,,
AKL000008,committee member,28,,upper,ak,,AKC000006,Labor & Commerce,,,
AKL000008,committee member,28,,upper,ak,,AKC000192,Environmental Conservation,Finance Subcommittee,,
AKL000008,committee member,28,,joint,ak,,AKC000149,Autism Early Diag./Treat. Task Force,,,
AKL000008,committee member,28,,upper,ak,,AKC000004,Health & Social Services,,,
AKL000008,committee member,28,,upper,ak,,AKC000187,Administration,Finance Subcommittee,,
AKL000008,committee member,28,,upper,ak,,AKC000008,Rules,,,
AKL000008,committee member,28,,upper,ak,,AKC000189,Corrections,Finance Subcommittee,,
AKL000008,member,27,L,upper,ak,Democratic,,,,,
AKL000008,committee member,27,,upper,ak,,AKC000001,Community & Regional Affairs,,,
AKL000008,committee member,27,,upper,ak,,AKC000003,Finance,,,
AKL000008,committee member,27,,upper,ak,,AKC000008,Rules,,,
AKL000008,committee member,27,,upper,ak,,AKC000011,Administration,,,
AKL000008,committee member,27,,upper,ak,,AKC000013,Corrections,,,
AKL000008,committee member,27,,upper,ak,,AKC000019,Labor & Workforce Development,,,
AKL000008,committee member,27,,upper,ak,,AKC000027,University Of Alaska,,,
AKL000008,committee member,27,,upper,ak,,AKC000121,World Trade,,,
AKL000008,committee member,27,,joint,ak,,AKC000146,Victims Advocate Selection Committee,,,
AKL000008,committee member,27,,upper,ak,,AKC000039,Committee On Committees,,,
AKL000008,committee member,27,,upper,ak,,AKC000050,University Boosters Caucus,,,
AKL000008,member,28,L,upper,ak,Democratic,,,,,
AKL000009,member,28,J,upper,ak,Democratic,,,,,
AKL000009,committee member,28,,upper,ak,,AKC000197,Law,Finance Subcommittee,,
AKL000009,committee member,28,,joint,ak,,AKC000035,Select Committee On Legislative Ethics,,,
AKL000009,committee member,28,,upper,ak,,AKC000190,Court System,Finance Subcommittee,,
AKL000009,committee member,28,,upper,ak,,AKC000010,Transportation,,,
AKL000009,committee member,28,,joint,ak,,AKC000030,Administrative Regulation Review,,,
AKL000009,committee member,28,,upper,ak,,AKC000201,Public Safety,Finance Subcommittee,,
AKL000009,committee member,28,,upper,ak,,AKC000007,Resources,,,
AKL000009,member,27,M,upper,ak,Democratic,,,,,
AKL000009,committee member,27,,upper,ak,,AKC000002,Education,,,
AKL000009,committee member,27,,upper,ak,,AKC000005,Judiciary,,,
AKL000009,committee member,27,,upper,ak,,AKC000007,Resources,,,
AKL000009,committee member,27,,upper,ak,,AKC000013,Corrections,,,
AKL000009,committee member,27,,upper,ak,,AKC000020,Law,,,
AKL000009,committee member,27,,upper,ak,,AKC000024,Public Safety,,,
AKL000009,committee member,27,,joint,ak,,AKC000030,Administrative Regulation Review,,,
AKL000009,committee member,27,,joint,ak,,AKC000032,Legislative Budget & Audit,,,
AKL000009,committee member,27,,joint,ak,,AKC000146,Victims Advocate Selection Committee,,,
AKL000009,member,28,M,upper,ak,Democratic,,,,,
AKL000010,member,28,N,upper,ak,Republican,,,,,
AKL000010,committee member,28,,joint,ak,,AKC000035,Select Committee On Legislative Ethics,,,
AKL000010,committee member,28,,upper,ak,,AKC000192,Environmental Conservation,Finance Subcommittee,,
AKL000010,committee member,28,,upper,ak,,AKC000196,Labor & Workforce Development,Finance Subcommittee,,
AKL000010,committee member,28,,upper,ak,,AKC000009,State Affairs,,,
AKL000010,committee member,28,,joint,ak,,AKC000186,Alaska Arctic Policy Commission,,,
AKL000010,committee member,28,,upper,ak,,AKC000001,Community & Regional Affairs,,,
AKL000010,committee member,28,,joint,ak,,AKC000030,Administrative Regulation Review,,,
AKL000010,committee member,28,,upper,ak,,AKC000200,Natural Resources,Finance Subcommittee,,
AKL000010,committee member,28,,upper,ak,,AKC000007,Resources,,,
AKL000010,committee member,28,,joint,ak,,AKC000032,Legislative Budget & Audit,,,
AKL000010,member,27,P,upper,ak,Republican,,,,,
AKL000010,committee member,27,,upper,ak,,AKC000006,Labor & Commerce,,,
AKL000010,committee member,27,,upper,ak,,AKC000009,State Affairs,,,
AKL000010,committee member,27,,upper,ak,,AKC000021,Legislature,,,
AKL000010,committee member,27,,joint,ak,,AKC000148,Alaska Arctic Policy Commission,,,
AKL000010,member,28,P,upper,ak,Republican,,,,,
AKL000032,member,28,H,upper,ak,Democratic,,,,,
AKL000032,committee member,28,,upper,ak,,AKC000121,World Trade,,,
AKL000032,committee member,28,,joint,ak,,AKC000035,Select Committee On Legislative Ethics,,,
AKL000032,committee member,28,,upper,ak,,AKC000195,Health & Social Services,Finance Subcommittee,,
AKL000032,committee member,28,,upper,ak,,AKC000196,Labor & Workforce Development,Finance Subcommittee,,
AKL000032,committee member,28,,upper,ak,,AKC000204,University Of Alaska,Finance Subcommittee,,
AKL000032,committee member,28,,lower,ak,,AKC000231,Free Conference Committee On Hb 23,,,
AKL000032,committee member,28,,upper,ak,,AKC000002,Education,,,
AKL000032,committee member,28,,upper,ak,,AKC000224,Special Comm On Taps Throughput,,,
AKL000032,committee member,28,,upper,ak,,AKC000191,Education & Early Development,Finance Subcommittee,,
AKL000032,committee member,28,,upper,ak,,AKC000232,Free Conference Committee On Hb 23,,,
AKL000032,member,27,24,lower,ak,Democratic,,,,,
AKL000032,committee member,27,,joint,ak,,AKC000035,Select Committee On Legislative Ethics,,,
AKL000032,committee member,27,,joint,ak,,AKC000145,Ombudsman Selection Committee,,,
AKL000032,committee member,27,,lower,ak,,AKC000051,Community & Regional Affairs,,,
AKL000032,committee member,27,,lower,ak,,AKC000057,Resources,,,
AKL000032,committee member,27,,lower,ak,,AKC000069,Governor,,,
AKL000032,committee member,27,,lower,ak,,AKC000072,Legislature,,,
AKL000032,committee member,27,,lower,ak,,AKC000076,Revenue,,,
AKL000032,committee member,27,,lower,ak,,AKC000079,"Econ. Dev., Trade & Tourism",,,
AKL000032,committee member,27,,lower,ak,,AKC000084,Committee On Committees,,,
AKL000016,member,28,Q,upper,ak,Republican,,,,,
AKL000016,committee member,28,,upper,ak,,AKC000197,Law,Finance Subcommittee,,
AKL000016,committee member,28,,upper,ak,,AKC000006,Labor & Commerce,,,
AKL000016,committee member,28,,upper,ak,,AKC000009,State Affairs,,,
AKL000016,committee member,28,,upper,ak,,AKC000004,Health & Social Services,,,
AKL000016,committee member,28,,upper,ak,,AKC000002,Education,,,
AKL000016,committee member,28,,upper,ak,,AKC000202,Revenue,Finance Subcommittee,,
AKL000016,committee member,28,,upper,ak,,AKC000187,Administration,Finance Subcommittee,,
AKL000016,member,27,A,upper,ak,Republican,,,,,
AKL000016,committee member,27,,upper,ak,,AKC000003,Finance,,,
AKL000016,committee member,27,,upper,ak,,AKC000007,Resources,,,
AKL000016,committee member,27,,upper,ak,,AKC000008,Rules,,,
AKL000016,committee member,27,,upper,ak,,AKC000018,Governor,,,
AKL000016,committee member,27,,upper,ak,,AKC000020,Law,,,
AKL000016,committee member,27,,upper,ak,,AKC000021,Legislature,,,
AKL000016,committee member,27,,upper,ak,,AKC000025,Revenue,,,
AKL000016,committee member,27,,upper,ak,,AKC000026,Transportation & Public Facilities,,,
AKL000016,committee member,27,,upper,ak,,AKC000027,University Of Alaska,,,
AKL000016,committee member,27,,joint,ak,,AKC000148,Alaska Arctic Policy Commission,,,
AKL000016,committee member,27,,joint,ak,,AKC000029,Alaska Northern Waters Task Force,,,
AKL000016,committee member,27,,joint,ak,,AKC000032,Legislative Budget & Audit,,,
AKL000016,committee member,27,,joint,ak,,AKC000036,Legislative Council,,,
AKL000016,committee member,27,,upper,ak,,AKC000039,Committee On Committees,,,
AKL000016,member,28,A,upper,ak,Republican,,,,,
AKL000019,member,28,G,upper,ak,Democratic,,,,,
AKL000019,committee member,28,,upper,ak,,AKC000223,Special Comm On In-State Energy,,,
AKL000019,committee member,28,,upper,ak,,AKC000009,State Affairs,,,
AKL000019,committee member,28,,joint,ak,,AKC000031,Armed Services Committee,,,
AKL000019,committee member,28,,upper,ak,,AKC000199,Military & Veterans' Affairs,Finance Subcommittee,,
AKL000019,committee member,28,,upper,ak,,AKC000202,Revenue,Finance Subcommittee,,
AKL000019,committee member,28,,upper,ak,,AKC000200,Natural Resources,Finance Subcommittee,,
AKL000019,committee member,28,,upper,ak,,AKC000005,Judiciary,,,
AKL000019,member,27,J,upper,ak,Democratic,,,,,
AKL000019,committee member,27,,upper,ak,,AKC000005,Judiciary,,,
AKL000019,committee member,27,,upper,ak,,AKC000007,Resources,,,
AKL000019,committee member,27,,upper,ak,,AKC000009,State Affairs,,,
AKL000019,committee member,27,,upper,ak,,AKC000011,Administration,,,
AKL000019,committee member,27,,upper,ak,,AKC000014,Court System,,,
AKL000019,committee member,27,,upper,ak,,AKC000022,Military & Veterans' Affairs,,,
AKL000019,committee member,27,,upper,ak,,AKC000023,Natural Resources,,,
AKL000019,committee member,27,,joint,ak,,AKC000030,Administrative Regulation Review,,,
AKL000019,committee member,27,,joint,ak,,AKC000031,Armed Services Committee,,,
AKL000019,member,28,J,upper,ak,Democratic,,,,,
AKL000028,member,28,M,upper,ak,Republican,,,,,
AKL000028,committee member,28,,upper,ak,,AKC000198,Legislature,Finance Subcommittee,,
AKL000028,committee member,28,,joint,ak,,AKC000169,Legislative Centennial Commission,,,
AKL000028,committee member,28,,joint,ak,,AKC000035,Select Committee On Legislative Ethics,,,
AKL000028,committee member,28,,upper,ak,,AKC000003,Finance,,,
AKL000028,committee member,28,,upper,ak,,AKC000204,University Of Alaska,Finance Subcommittee,,
AKL000028,committee member,28,,joint,ak,,AKC000031,Armed Services Committee,,,
AKL000028,committee member,28,,upper,ak,,AKC000010,Transportation,,,
AKL000028,committee member,28,,upper,ak,,AKC000202,Revenue,Finance Subcommittee,,
AKL000028,committee member,28,,upper,ak,,AKC000194,Governor,Finance Subcommittee,,
AKL000028,committee member,28,,upper,ak,,AKC000187,Administration,Finance Subcommittee,,
AKL000028,committee member,28,,upper,ak,,AKC000224,Special Comm On Taps Throughput,,,
AKL000028,committee member,28,,upper,ak,,AKC000007,Resources,,,
AKL000028,committee member,28,,joint,ak,,AKC000032,Legislative Budget & Audit,,,
AKL000028,member,27,17,lower,ak,Republican,,,,,
AKL000028,committee member,27,,joint,ak,,AKC000146,Victims Advocate Selection Committee,,,
AKL000028,committee member,27,,lower,ak,,AKC000053,Finance,,,
AKL000028,committee member,27,,lower,ak,,AKC000076,Revenue,,,
AKL000028,committee member,27,,lower,ak,,AKC000078,University Of Alaska,,,
AKL000028,committee member,27,,lower,ak,,AKC000067,Fiscal Policy,,,
AKL000061,member,28,T,upper,ak,Democratic,,,,,
AKL000061,committee member,28,,joint,ak,,AKC000226,Unmanned Aircraft Systems Leg Task Force,,,
AKL000061,committee member,28,,upper,ak,,AKC000006,Labor & Commerce,,,
AKL000061,committee member,28,,upper,ak,,AKC000003,Finance,,,
AKL000061,committee member,28,,upper,ak,,AKC000195,Health & Social Services,Finance Subcommittee,,
AKL000061,committee member,28,,joint,ak,,AKC000186,Alaska Arctic Policy Commission,,,
AKL000061,committee member,28,,upper,ak,,AKC000201,Public Safety,Finance Subcommittee,,
AKL000061,committee member,28,,upper,ak,,AKC000005,Judiciary,,,
AKL000061,committee member,28,,joint,ak,,AKC000032,Legislative Budget & Audit,,,
AKL000061,member,27,T,upper,ak,Democratic,,,,,
AKL000061,committee member,27,,joint,ak,,AKC000148,Alaska Arctic Policy Commission,,,
AKL000061,committee member,27,,joint,ak,,AKC000029,Alaska Northern Waters Task Force,,,
AKL000061,committee member,27,,joint,ak,,AKC000034,Educ Funding District Cost Factor Comm,,,
AKL000061,committee member,27,,joint,ak,,AKC000035,Select Committee On Legislative Ethics,,,
AKL000061,committee member,27,,joint,ak,,AKC000036,Legislative Council,,,
AKL000062,member,28,C,upper,ak,Republican,,,,,
AKL000062,committee member,28,,upper,ak,,AKC000003,Finance,,,
AKL000062,committee member,28,,upper,ak,,AKC000223,Special Comm On In-State Energy,,,
AKL000062,committee member,28,,upper,ak,,AKC000196,Labor & Workforce Development,Finance Subcommittee,,
AKL000062,committee member,28,,upper,ak,,AKC000010,Transportation,,,
AKL000062,committee member,28,,upper,ak,,AKC000199,Military & Veterans' Affairs,Finance Subcommittee,,
AKL000062,committee member,28,,upper,ak,,AKC000001,Community & Regional Affairs,,,
AKL000062,committee member,28,,upper,ak,,AKC000200,Natural Resources,Finance Subcommittee,,
AKL000062,committee member,28,,upper,ak,,AKC000007,Resources,,,
AKL000062,committee member,28,,upper,ak,,AKC000189,Corrections,Finance Subcommittee,,
AKL000062,committee member,28,,joint,ak,,AKC000032,Legislative Budget & Audit,,,
AKL000066,member,28,B,upper,ak,Republican,,,,,
AKL000066,committee member,28,,upper,ak,,AKC000197,Law,Finance Subcommittee,,
AKL000066,committee member,28,,upper,ak,,AKC000198,Legislature,Finance Subcommittee,,
AKL000066,committee member,28,,upper,ak,,AKC000003,Finance,,,
AKL000066,committee member,28,,upper,ak,,AKC000190,Court System,Finance Subcommittee,,
AKL000066,committee member,28,,upper,ak,,AKC000204,University Of Alaska,Finance Subcommittee,,
AKL000066,committee member,28,,joint,ak,,AKC000031,Armed Services Committee,,,
AKL000066,committee member,28,,upper,ak,,AKC000004,Health & Social Services,,,
AKL000066,committee member,28,,upper,ak,,AKC000194,Governor,Finance Subcommittee,,
AKL000002,member,28,L,upper,ak,Republican,,,,,
AKL000002,committee member,28,,upper,ak,,AKC000039,Committee On Committees,,,
AKL000002,committee member,28,,upper,ak,,AKC000198,Legislature,Finance Subcommittee,,
AKL000002,committee member,28,,upper,ak,,AKC000003,Finance,,,
AKL000002,committee member,28,,lower,ak,,AKC000229,Free Conference Committee On Hb 278,,,
AKL000002,committee member,28,,upper,ak,,AKC000230,Free Conference Committee On Hb 278,,,
AKL000002,committee member,28,,upper,ak,,AKC000203,Transportation & Public Facilities,Finance Subcommittee,,
AKL000002,committee member,28,,upper,ak,,AKC000004,Health & Social Services,,,
AKL000002,committee member,28,,upper,ak,,AKC000188,"Commerce, Community & Economic Dev",Finance Subcommittee,,
AKL000002,committee member,28,,joint,ak,,AKC000036,Legislative Council,,,
AKL000002,committee member,28,,upper,ak,,AKC000194,Governor,Finance Subcommittee,,
AKL000002,committee member,28,,upper,ak,,AKC000008,Rules,,,
AKL000002,committee member,28,,joint,ak,,AKC000032,Legislative Budget & Audit,,,
AKL000002,member,27,O,upper,ak,Republican,,,,,
AKL000002,committee member,27,,upper,ak,,AKC000002,Education,,,
AKL000002,committee member,27,,upper,ak,,AKC000004,Health & Social Services,,,
AKL000002,committee member,27,,upper,ak,,AKC000008,Rules,,,
AKL000002,committee member,27,,upper,ak,,AKC000009,State Affairs,,,
AKL000002,committee member,27,,upper,ak,,AKC000012,"Commerce, Community & Economic Dev",,,
AKL000002,committee member,27,,upper,ak,,AKC000026,Transportation & Public Facilities,,,
AKL000002,committee member,27,,upper,ak,,AKC000121,World Trade,,,
AKL000002,committee member,27,,joint,ak,,AKC000032,Legislative Budget & Audit,,,
AKL000002,committee member,27,,joint,ak,,AKC000034,Educ Funding District Cost Factor Comm,,,
AKL000002,committee member,27,,joint,ak,,AKC000145,Ombudsman Selection Committee,,,
AKL000002,committee member,27,,joint,ak,,AKC000120,Theme-Based Education Task Force,,,
AKL000002,committee member,27,,upper,ak,,AKC000039,Committee On Committees,,,
AKL000002,member,28,O,upper,ak,Republican,,,,,
AKL000067,member,28,O,upper,ak,Republican,,,,,
AKL000067,committee member,28,,upper,ak,,AKC000121,World Trade,,,
AKL000067,committee member,28,,upper,ak,,AKC000006,Labor & Commerce,,,
AKL000067,committee member,28,,upper,ak,,AKC000223,Special Comm On In-State Energy,,,
AKL000067,committee member,28,,upper,ak,,AKC000203,Transportation & Public Facilities,Finance Subcommittee,,
AKL000067,committee member,28,,upper,ak,,AKC000004,Health & Social Services,,,
AKL000067,committee member,28,,lower,ak,,AKC000231,Free Conference Committee On Hb 23,,,
AKL000067,committee member,28,,joint,ak,,AKC000036,Legislative Council,,,
AKL000067,committee member,28,,upper,ak,,AKC000199,Military & Veterans' Affairs,Finance Subcommittee,,
AKL000067,committee member,28,,upper,ak,,AKC000001,Community & Regional Affairs,,,
AKL000067,committee member,28,,upper,ak,,AKC000200,Natural Resources,Finance Subcommittee,,
AKL000067,committee member,28,,upper,ak,,AKC000224,Special Comm On Taps Throughput,,,
AKL000067,committee member,28,,upper,ak,,AKC000007,Resources,,,
AKL000067,committee member,28,,upper,ak,,AKC000232,Free Conference Committee On Hb 23,,,
AKL000063,member,28,D,upper,ak,Republican,,,,,
AKL000063,committee member,28,,upper,ak,,AKC000121,World Trade,,,
AKL000063,committee member,28,,upper,ak,,AKC000006,Labor & Commerce,,,
AKL000063,committee member,28,,upper,ak,,AKC000003,Finance,,,
AKL000063,committee member,28,,lower,ak,,AKC000229,Free Conference Committee On Hb 278,,,
AKL000063,committee member,28,,upper,ak,,AKC000192,Environmental Conservation,Finance Subcommittee,,
AKL000063,committee member,28,,upper,ak,,AKC000230,Free Conference Committee On Hb 278,,,
AKL000063,committee member,28,,upper,ak,,AKC000193,Fish & Game,Finance Subcommittee,,
AKL000063,committee member,28,,upper,ak,,AKC000002,Education,,,
AKL000063,committee member,28,,joint,ak,,AKC000036,Legislative Council,,,
AKL000063,committee member,28,,upper,ak,,AKC000224,Special Comm On Taps Throughput,,,
AKL000063,committee member,28,,upper,ak,,AKC000191,Education & Early Development,Finance Subcommittee,,
AKL000063,committee member,28,,joint,ak,,AKC000032,Legislative Budget & Audit,,,
AKL000011,member,28,S,upper,ak,Democratic,,,,,
AKL000011,committee member,28,,upper,ak,,AKC000121,World Trade,,,
AKL000011,committee member,28,,upper,ak,,AKC000198,Legislature,Finance Subcommittee,,
AKL000011,committee member,28,,joint,ak,,AKC000169,Legislative Centennial Commission,,,
AKL000011,committee member,28,,upper,ak,,AKC000003,Finance,,,
AKL000011,committee member,28,,lower,ak,,AKC000229,Free Conference Committee On Hb 278,,,
AKL000011,committee member,28,,upper,ak,,AKC000230,Free Conference Committee On Hb 278,,,
AKL000011,committee member,28,,upper,ak,,AKC000193,Fish & Game,Finance Subcommittee,,
AKL000011,committee member,28,,upper,ak,,AKC000203,Transportation & Public Facilities,Finance Subcommittee,,
AKL000011,committee member,28,,upper,ak,,AKC000188,"Commerce, Community & Economic Dev",Finance Subcommittee,,
AKL000011,committee member,28,,joint,ak,,AKC000036,Legislative Council,,,
AKL000011,committee member,28,,joint,ak,,AKC000186,Alaska Arctic Policy Commission,,,
AKL000011,committee member,28,,upper,ak,,AKC000001,Community & Regional Affairs,,,
AKL000011,committee member,28,,upper,ak,,AKC000194,Governor,Finance Subcommittee,,
AKL000011,member,27,S,upper,ak,Democratic,,,,,
AKL000011,committee member,27,,upper,ak,,AKC000003,Finance,,,
AKL000011,committee member,27,,upper,ak,,AKC000008,Rules,,,
AKL000011,committee member,27,,upper,ak,,AKC000012,"Commerce, Community & Economic Dev",,,
AKL000011,committee member,27,,upper,ak,,AKC000017,Fish & Game,,,
AKL000011,committee member,27,,upper,ak,,AKC000018,Governor,,,
AKL000011,committee member,27,,upper,ak,,AKC000021,Legislature,,,
AKL000011,committee member,27,,upper,ak,,AKC000025,Revenue,,,
AKL000011,committee member,27,,upper,ak,,AKC000027,University Of Alaska,,,
AKL000011,committee member,27,,upper,ak,,AKC000121,World Trade,,,
AKL000011,committee member,27,,joint,ak,,AKC000148,Alaska Arctic Policy Commission,,,
AKL000011,committee member,27,,joint,ak,,AKC000029,Alaska Northern Waters Task Force,,,
AKL000011,committee member,27,,joint,ak,,AKC000032,Legislative Budget & Audit,,,
AKL000011,committee member,27,,joint,ak,,AKC000147,Legislative Celebration Commission,,,
AKL000011,committee member,27,,joint,ak,,AKC000036,Legislative Council,,,
AKL000011,committee member,27,,upper,ak,,AKC000039,Committee On Committees,,,
AKL000013,member,28,K,upper,ak,Republican,,,,,
AKL000013,committee member,28,,upper,ak,,AKC000039,Committee On Committees,,,
AKL000013,committee member,28,,upper,ak,,AKC000121,World Trade,,,
AKL000013,committee member,28,,upper,ak,,AKC000195,Health & Social Services,Finance Subcommittee,,
AKL000013,committee member,28,,lower,ak,,AKC000231,Free Conference Committee On Hb 23,,,
AKL000013,committee member,28,,upper,ak,,AKC000188,"Commerce, Community & Economic Dev",Finance Subcommittee,,
AKL000013,committee member,28,,joint,ak,,AKC000186,Alaska Arctic Policy Commission,,,
AKL000013,committee member,28,,upper,ak,,AKC000202,Revenue,Finance Subcommittee,,
AKL000013,committee member,28,,upper,ak,,AKC000005,Judiciary,,,
AKL000013,committee member,28,,upper,ak,,AKC000224,Special Comm On Taps Throughput,,,
AKL000013,committee member,28,,upper,ak,,AKC000008,Rules,,,
AKL000013,committee member,28,,upper,ak,,AKC000007,Resources,,,
AKL000013,committee member,28,,upper,ak,,AKC000232,Free Conference Committee On Hb 23,,,
AKL000013,member,27,N,upper,ak,Republican,,,,,
AKL000013,committee member,27,,upper,ak,,AKC000003,Finance,,,
AKL000013,committee member,27,,upper,ak,,AKC000005,Judiciary,,,
AKL000013,committee member,27,,upper,ak,,AKC000007,Resources,,,
AKL000013,committee member,27,,upper,ak,,AKC000016,Environmental Conservation,,,
AKL000013,committee member,27,,upper,ak,,AKC000020,Law,,,
AKL000013,committee member,27,,upper,ak,,AKC000022,Military & Veterans' Affairs,,,
AKL000013,committee member,27,,upper,ak,,AKC000027,University Of Alaska,,,
AKL000013,committee member,27,,upper,ak,,AKC000121,World Trade,,,
AKL000013,committee member,27,,joint,ak,,AKC000145,Ombudsman Selection Committee,,,
AKL000013,member,28,N,upper,ak,Republican,,,,,
