Nº Fin.,Desc. Finalidad,Nº Fun.,Desc. Función,Nº Juris.,Desc. Jurisdicción,Nº Prog.,Desc. Programa,Presupuesto,Porcentaje (por Función)
1,Administración gubernamental,1,Legislativa,1,Poder Legislativo Nacional,16,Formación y Sanción de Leyes Nacionales - Cámara de Senadores,587510000,36.7%
1,Administración gubernamental,1,Legislativa,1,Poder Legislativo Nacional,17,Formación y Sanción Legislativa - Cámara de Diputados,855515784,53.4%
1,Administración gubernamental,1,Legislativa,1,Poder Legislativo Nacional,19,Impresiones y Publicaciones Parlamentarias,79811485,5.0%
1,Administración gubernamental,1,Legislativa,1,Poder Legislativo Nacional,21,Defensa de los Derechos de los Ciudadanos,68059554,4.3%
1,Administración gubernamental,1,Legislativa,1,Poder Legislativo Nacional,22,Revisión de Cuentas Nacionales - Senado,1950000,0.1%
1,Administración gubernamental,1,Legislativa,1,Poder Legislativo Nacional,23,Revisión de Cuentas Nacionales - Diputados,1060988,0.1%
1,Administración gubernamental,1,Legislativa,1,Poder Legislativo Nacional,30,Fortalecimiento Institucional del Senado de la Nación (BID 1603/OC-AR),6911000,0.4%
1,Administración gubernamental,2,Judicial,1,Poder Legislativo Nacional,26,Protección de los Derechos del Interno Penitenciario,27141900,0.4%
1,Administración gubernamental,2,Judicial,5,Poder Judicial de la Nación,1,Actividades Centrales,447351214,6.6%
1,Administración gubernamental,2,Judicial,5,Poder Judicial de la Nación,4,Mandamientos y Notificaciones,114347504,1.7%
1,Administración gubernamental,2,Judicial,5,Poder Judicial de la Nación,5,Pericias Judiciales,251369692,3.7%
1,Administración gubernamental,2,Judicial,5,Poder Judicial de la Nación,6,Biblioteca y Jurisprudencia,25242739,0.4%
1,Administración gubernamental,2,Judicial,5,Poder Judicial de la Nación,7,Archivo General,123366835,1.8%
1,Administración gubernamental,2,Judicial,5,Poder Judicial de la Nación,8,Administración General de la Corte Suprema de Justicia de la Nación,313063709,4.6%
1,Administración gubernamental,2,Judicial,5,Poder Judicial de la Nación,21,Justicia de Máxima Instancia,203832185,3.0%
1,Administración gubernamental,2,Judicial,5,Poder Judicial de la Nación,22,Justicia de Casación Penal,62677933,0.9%
1,Administración gubernamental,2,Judicial,5,Poder Judicial de la Nación,23,Justicia Ordinaria de la Capital Federal,1473230589,21.8%
1,Administración gubernamental,2,Judicial,5,Poder Judicial de la Nación,24,Justicia Federal,1958855947,29.0%
1,Administración gubernamental,2,Judicial,5,Poder Judicial de la Nación,25,Asistencia Social,38781414,0.6%
1,Administración gubernamental,2,Judicial,10,Ministerio Público,16,Ejercicio de la Acción Pública y Defensa de la Legalidad,788496977,11.7%
1,Administración gubernamental,2,Judicial,10,Ministerio Público,17,"Representación, Defensa y Curatela Pública Oficial",447314888,6.6%
1,Administración gubernamental,2,Judicial,40,Ministerio de Justicia y Derechos Humanos,16,"Acciones contra la Discriminación, la Xenofobia y el Racismo",49227065,0.7%
1,Administración gubernamental,2,Judicial,40,Ministerio de Justicia y Derechos Humanos,1,Actividades Centrales,136721080,2.0%
1,Administración gubernamental,2,Judicial,40,Ministerio de Justicia y Derechos Humanos,4,Actividad Común a los Programas 18 (Política e Infraestructura Penitenciaria) y 23 (Asistencia Jurídica y Relaciones con el Poder Judicial),4748501,0.1%
1,Administración gubernamental,2,Judicial,40,Ministerio de Justicia y Derechos Humanos,19,Regulación y Control Registral,68281718,1.0%
1,Administración gubernamental,2,Judicial,40,Ministerio de Justicia y Derechos Humanos,21,Defensa y Representación Jurídica y Notarial del Estado,31891050,0.5%
1,Administración gubernamental,2,Judicial,40,Ministerio de Justicia y Derechos Humanos,23,Asistencia Jurídica y Relaciones con el Poder Judicial,9740898,0.1%
1,Administración gubernamental,2,Judicial,40,Ministerio de Justicia y Derechos Humanos,26,Promoción y Defensa de los Derechos Humanos,130351788,1.9%
1,Administración gubernamental,2,Judicial,40,Ministerio de Justicia y Derechos Humanos,28,"Prevención, Fiscalización y Sanción del Lavado de Activos",14081448,0.2%
1,Administración gubernamental,2,Judicial,40,Ministerio de Justicia y Derechos Humanos,32,Protección de Víctimas de Violencias,15161191,0.2%
1,Administración gubernamental,2,Judicial,40,Ministerio de Justicia y Derechos Humanos,36,Fortalecimiento de Procesos Judiciales contra Delitos de Lesa Humanidad,9767561,0.1%
1,Administración gubernamental,2,Judicial,91,Obligaciones a Cargo del Tesoro,96,Atención Servicios Financieros y Gastos Judiciales,575852,0.0%
1,Administración gubernamental,2,Judicial,91,Obligaciones a Cargo del Tesoro,99,Otras Asistencias Financieras,5000000,0.1%
1,Administración gubernamental,3,Dirección superior ejecutiva,20,Presidencia de la Nación,1,Actividades Centrales,330387233,12.4%
1,Administración gubernamental,3,Dirección superior ejecutiva,20,Presidencia de la Nación,21,Asistencia y Coordinación de Políticas Sociales,26737197,1.0%
1,Administración gubernamental,3,Dirección superior ejecutiva,20,Presidencia de la Nación,20,Asistencia Legal y Técnica,62389994,2.3%
1,Administración gubernamental,3,Dirección superior ejecutiva,25,Jefatura de Gabinete de Ministros,1,Actividades Centrales,498136465,18.7%
1,Administración gubernamental,3,Dirección superior ejecutiva,25,Jefatura de Gabinete de Ministros,17,Modernización de la Gestión Pública,75368770,2.8%
1,Administración gubernamental,3,Dirección superior ejecutiva,25,Jefatura de Gabinete de Ministros,19,Prensa y Difusión de Actos de Gobierno,512155917,19.2%
1,Administración gubernamental,3,Dirección superior ejecutiva,40,Ministerio de Justicia y Derechos Humanos,27,Controles Anticorrupción,7523179,0.3%
1,Administración gubernamental,3,Dirección superior ejecutiva,50,Ministerio de Economía y Finanzas Públicas,1,Actividades Centrales,512149768,19.2%
1,Administración gubernamental,3,Dirección superior ejecutiva,50,Ministerio de Economía y Finanzas Públicas,18,Formulación y Ejecución de Políticas Económicas,87541522,3.3%
1,Administración gubernamental,3,Dirección superior ejecutiva,50,Ministerio de Economía y Finanzas Públicas,42,Definición de Políticas de Coordinación Económica,26304106,1.0%
1,Administración gubernamental,3,Dirección superior ejecutiva,50,Ministerio de Economía y Finanzas Públicas,43,Definición de Políticas de Programación Económica,11833896,0.4%
1,Administración gubernamental,3,Dirección superior ejecutiva,50,Ministerio de Economía y Finanzas Públicas,44,Coordinación de Préstamos de Rápido Desembolso de OIC,5559000,0.2%
1,Administración gubernamental,3,Dirección superior ejecutiva,51,Ministerio de Industria,1,Actividades Centrales,49155820,1.8%
1,Administración gubernamental,3,Dirección superior ejecutiva,52,"Ministerio de Agricultura, Ganadería y Pesca",1,Actividades Centrales,214290883,8.0%
1,Administración gubernamental,3,Dirección superior ejecutiva,56,"Ministerio de Planificación Federal, Inversión Pública y Servicios",1,Actividades Centrales,176695501,6.6%
1,Administración gubernamental,3,Dirección superior ejecutiva,56,"Ministerio de Planificación Federal, Inversión Pública y Servicios",7,Actividades Comunes a los Programas de Obras Públicas,11675167,0.4%
1,Administración gubernamental,3,Dirección superior ejecutiva,56,"Ministerio de Planificación Federal, Inversión Pública y Servicios",50,"Formulación, Programación, Ejecución y Control de Obras Públicas",17656104,0.7%
1,Administración gubernamental,3,Dirección superior ejecutiva,56,"Ministerio de Planificación Federal, Inversión Pública y Servicios",85,Acciones Hídricas y Viales para el Dessarrollo Integrador de,581000,0.0%
1,Administración gubernamental,3,Dirección superior ejecutiva,56,"Ministerio de Planificación Federal, Inversión Pública y Servicios",86,Apoyo para el Desarrollo de Infraestructura Urbana en Municipalidades,1505866,0.1%
1,Administración gubernamental,3,Dirección superior ejecutiva,91,Obligaciones a Cargo del Tesoro,99,Otras Asistencias Financieras,42168010,1.6%
1,Administración gubernamental,4,Relaciones exteriores,35,"Ministerio de Relaciones Exteriores, Comercio Internacional y Culto",1,Actividades Centrales,371064247,17.8%
1,Administración gubernamental,4,Relaciones exteriores,35,"Ministerio de Relaciones Exteriores, Comercio Internacional y Culto",16,Acciones Diplomáticas de Política Exterior,1167907015,56.0%
1,Administración gubernamental,4,Relaciones exteriores,35,"Ministerio de Relaciones Exteriores, Comercio Internacional y Culto",17,Registro y Sostenimiento de Cultos,36001585,1.7%
1,Administración gubernamental,4,Relaciones exteriores,35,"Ministerio de Relaciones Exteriores, Comercio Internacional y Culto",18,Comisión Cascos Blancos,14595784,0.7%
1,Administración gubernamental,4,Relaciones exteriores,35,"Ministerio de Relaciones Exteriores, Comercio Internacional y Culto",19,Mantenimiento y Promoción de las Relaciones Económicas Internacionales,198581535,9.5%
1,Administración gubernamental,4,Relaciones exteriores,35,"Ministerio de Relaciones Exteriores, Comercio Internacional y Culto",21,Acciones para el Desarrollo de Inversiones y la Captación de Inversión Extranjera Directa,35530005,1.7%
1,Administración gubernamental,4,Relaciones exteriores,91,Obligaciones a Cargo del Tesoro,97,Aportes al Sector Externo,260596448,12.5%
1,Administración gubernamental,5,Relaciones interiores,30,Ministerio del Interior,16,"Identificación, Registro y Clasificación del Potencial Humano Nacional",363698417,3.5%
1,Administración gubernamental,5,Relaciones interiores,30,Ministerio del Interior,16,Control de Ingresos y  Egresos de Personas en el Territorio Nacional,350381000,3.4%
1,Administración gubernamental,5,Relaciones interiores,30,Ministerio del Interior,1,Actividades Centrales,148974756,1.4%
1,Administración gubernamental,5,Relaciones interiores,30,Ministerio del Interior,16,Fomento e Impulso al Desarrollo del Sistema Democrático,792753731,7.6%
1,Administración gubernamental,5,Relaciones interiores,30,Ministerio del Interior,17,"Cooperación, Asistencia Técnica y Capacitación a Municipios",4328500,0.0%
1,Administración gubernamental,5,Relaciones interiores,30,Ministerio del Interior,18,Ejecución de Políticas Poblacionales,2442723,0.0%
1,Administración gubernamental,5,Relaciones interiores,30,Ministerio del Interior,19,Asistencia Técnica y Financiera a Provincias,347393141,3.3%
1,Administración gubernamental,5,Relaciones interiores,30,Ministerio del Interior,25,Fortalecimiento de las Relaciones con la Comunidad,3856958,0.0%
1,Administración gubernamental,5,Relaciones interiores,30,Ministerio del Interior,45,Acciones de Asistencia Civil,93962432,0.9%
1,Administración gubernamental,5,Relaciones interiores,91,Obligaciones a Cargo del Tesoro,93,Fondo Federal Solidario,7308600000,70.3%
1,Administración gubernamental,5,Relaciones interiores,91,Obligaciones a Cargo del Tesoro,98,Asistencia Financiera a Provincias y Municipios,975059277,9.4%
1,Administración gubernamental,6,Administración fiscal,50,Ministerio de Economía y Finanzas Públicas,1,Actividades Centrales,57476397,2.2%
1,Administración gubernamental,6,Administración fiscal,50,Ministerio de Economía y Finanzas Públicas,12,Actividades Comunes a los Prog. de la Secretaría de Hacienda,2859996,0.1%
1,Administración gubernamental,6,Administración fiscal,50,Ministerio de Economía y Finanzas Públicas,22,"Finanzas, Bancos y Seguros",27965485,1.1%
1,Administración gubernamental,6,Administración fiscal,50,Ministerio de Economía y Finanzas Públicas,26,Administración Financiera,188141957,7.3%
1,Administración gubernamental,6,Administración fiscal,50,Ministerio de Economía y Finanzas Públicas,27,Administración de Política Tributaria,15397995,0.6%
1,Administración gubernamental,6,Administración fiscal,50,Ministerio de Economía y Finanzas Públicas,47,Relaciones con Provincias,45905573,1.8%
1,Administración gubernamental,6,Administración fiscal,50,Ministerio de Economía y Finanzas Públicas,16,Resolución de Cuestiones Dudosas y Litigiosas,34763524,1.3%
1,Administración gubernamental,6,Administración fiscal,56,"Ministerio de Planificación Federal, Inversión Pública y Servicios",34,Administración de Bienes del Estado,63559313,2.5%
1,Administración gubernamental,6,Administración fiscal,56,"Ministerio de Planificación Federal, Inversión Pública y Servicios",54,Tasación de Bienes,12817000,0.5%
1,Administración gubernamental,6,Administración fiscal,91,Obligaciones a Cargo del Tesoro,99,Otras Asistencias Financieras,2130967000,82.6%
1,Administración gubernamental,7,Control de la gestión pública,1,Poder Legislativo Nacional,25,Control Parlamentario sobre el Funcionamiento del Sistema de Inteligencia,4400000,1.1%
1,Administración gubernamental,7,Control de la gestión pública,1,Poder Legislativo Nacional,31,Control Parlamentario de Seguimiento de Trámite Legislativo,1800000,0.5%
1,Administración gubernamental,7,Control de la gestión pública,1,Poder Legislativo Nacional,32,Control Parlamentario de Los Fondos de la Seguridad Social,3042001,0.8%
1,Administración gubernamental,7,Control de la gestión pública,1,Poder Legislativo Nacional,16,Control Externo del Sector Público Nacional,257643796,66.6%
1,Administración gubernamental,7,Control de la gestión pública,20,Presidencia de la Nación,16,Control Interno del Poder Ejecutivo Nacional,113757175,29.4%
1,Administración gubernamental,7,Control de la gestión pública,56,"Ministerio de Planificación Federal, Inversión Pública y Servicios",25,Ejecución de Obras de Arquitectura,6105509,1.6%
1,Administración gubernamental,8,Información y estadística básicas,30,Ministerio del Interior,26,Conservación y Custodia de los Documentos de la Nación,4588646,1.7%
1,Administración gubernamental,8,Información y estadística básicas,50,Ministerio de Economía y Finanzas Públicas,19,Servicio Estadístico,223849086,85.0%
1,Administración gubernamental,8,Información y estadística básicas,50,Ministerio de Economía y Finanzas Públicas,20,Censo Nacional Económico,3736757,1.4%
1,Administración gubernamental,8,Información y estadística básicas,50,Ministerio de Economía y Finanzas Públicas,21,Censo Nacional Agropecuario,5571338,2.1%
1,Administración gubernamental,8,Información y estadística básicas,50,Ministerio de Economía y Finanzas Públicas,23,"Censo Nacional de Población, Hogares y Vivienda",25632000,9.7%
2,Servicios de defensa y seguridad,1,Defensa,45,Ministerio de Defensa,16,Conducción y Planificación para la Defensa,115877044,1.4%
2,Servicios de defensa y seguridad,1,Defensa,45,Ministerio de Defensa,18,Mantenimiento y Producción para la Defensa,503008732,5.9%
2,Servicios de defensa y seguridad,1,Defensa,45,Ministerio de Defensa,22,Servicios de Hidrografía,34252127,0.4%
2,Servicios de defensa y seguridad,1,Defensa,45,Ministerio de Defensa,23,Logística de la Defensa,15100647,0.2%
2,Servicios de defensa y seguridad,1,Defensa,45,Ministerio de Defensa,98,Transferencias Varias,9939032,0.1%
2,Servicios de defensa y seguridad,1,Defensa,45,Ministerio de Defensa,1,Actividades Centrales - Estado Mayor General del Ejército,524562614,6.2%
2,Servicios de defensa y seguridad,1,Defensa,45,Ministerio de Defensa,16,Alistamiento Operacional - Estado Mayor General del Ejército,3095301409,36.5%
2,Servicios de defensa y seguridad,1,Defensa,45,Ministerio de Defensa,19,Remonta y Veterinaria,78517396,0.9%
2,Servicios de defensa y seguridad,1,Defensa,45,Ministerio de Defensa,20,Sastrería Militar,25108445,0.3%
2,Servicios de defensa y seguridad,1,Defensa,45,Ministerio de Defensa,1,Actividades Centrales - Estado Mayor General de la Armada,461736647,5.4%
2,Servicios de defensa y seguridad,1,Defensa,45,Ministerio de Defensa,16,Alistamiento Operacional - Estado Mayor General de la Armada,1702999669,20.1%
2,Servicios de defensa y seguridad,1,Defensa,45,Ministerio de Defensa,19,Hidrografía Naval,39548774,0.5%
2,Servicios de defensa y seguridad,1,Defensa,45,Ministerio de Defensa,20,Transportes Navales,40726709,0.5%
2,Servicios de defensa y seguridad,1,Defensa,45,Ministerio de Defensa,24,Sostenimiento Operacional - Estado Mayor General de la Armada,0,0.0%
2,Servicios de defensa y seguridad,1,Defensa,45,Ministerio de Defensa,1,Actividades Centrales - Estado Mayor General de la Fuerza Aérea,377045242,4.4%
2,Servicios de defensa y seguridad,1,Defensa,45,Ministerio de Defensa,16,Alistamiento Operacional - Estado Mayor General de la Fuerzas Aérea,1205346636,14.2%
2,Servicios de defensa y seguridad,1,Defensa,45,Ministerio de Defensa,24,Sostenimiento Operacional - Estado Mayor General de la Fuerza Aérea,0,0.0%
2,Servicios de defensa y seguridad,1,Defensa,45,Ministerio de Defensa,1,Actividades Centrales - Estado Mayor Conjunto de las Fuerzas Armadas,20604967,0.2%
2,Servicios de defensa y seguridad,1,Defensa,45,Ministerio de Defensa,16,Planeamiento Militar Conjunto,23753467,0.3%
2,Servicios de defensa y seguridad,1,Defensa,45,Ministerio de Defensa,17,Fuerzas de Paz,210248032,2.5%
2,Servicios de defensa y seguridad,1,Defensa,45,Ministerio de Defensa,21,Planeamiento y Conducción de Operaciones y de Adiestramiento Militar Conjunto,0,0.0%
2,Servicios de defensa y seguridad,2,Seguridad interior,30,Ministerio del Interior,16,Acciones de Seguridad Vial,177232817,1.6%
2,Servicios de defensa y seguridad,2,Seguridad interior,40,Ministerio de Justicia y Derechos Humanos,30,Registro de Armas Secuestradas y Decomisadas,18282484,0.2%
2,Servicios de defensa y seguridad,2,Seguridad interior,41,Ministerio de Seguridad,1,Actividades Centrales - Ministerio de Seguridad,15306293,0.1%
2,Servicios de defensa y seguridad,2,Seguridad interior,41,Ministerio de Seguridad,29,Administración Civil de las Fuerzas de Seguridad,563447472,5.0%
2,Servicios de defensa y seguridad,2,Seguridad interior,41,Ministerio de Seguridad,33,Conducción y Supervisión de la Seguridad Interior,26540120,0.2%
2,Servicios de defensa y seguridad,2,Seguridad interior,41,Ministerio de Seguridad,1,Actividades Centrales - Policía Federal Argentina,563796296,5.0%
2,Servicios de defensa y seguridad,2,Seguridad interior,41,Ministerio de Seguridad,21,Prestación del Servicio de Seguridad a Personas y Bienes,3700748212,32.7%
2,Servicios de defensa y seguridad,2,Seguridad interior,41,Ministerio de Seguridad,1,Actividades Centrales - Gendarmería Nacional,318034686,2.8%
2,Servicios de defensa y seguridad,2,Seguridad interior,41,Ministerio de Seguridad,40,Capacidad Operacional de la Gendarmería Nacional,3368380013,29.8%
2,Servicios de defensa y seguridad,2,Seguridad interior,41,Ministerio de Seguridad,44,Misiones Humanitarias y de Paz para Organismos Internacionales,4286492,0.0%
2,Servicios de defensa y seguridad,2,Seguridad interior,41,Ministerio de Seguridad,45,Atención de Pasos Fronterizos - Gendarmería Nacional,6008715,0.1%
2,Servicios de defensa y seguridad,2,Seguridad interior,41,Ministerio de Seguridad,1,Actividades Centrales - Prefectura Naval Argentina,280156742,2.5%
2,Servicios de defensa y seguridad,2,Seguridad interior,41,Ministerio de Seguridad,29,Servicio Técnico de Seguridad de la Navegación,29551492,0.3%
2,Servicios de defensa y seguridad,2,Seguridad interior,41,Ministerio de Seguridad,30,Servicio de Informática y Comunicaciones,99819121,0.9%
2,Servicios de defensa y seguridad,2,Seguridad interior,41,Ministerio de Seguridad,31,Servicio de Seguridad de la Navegación y de Policía de Seguridad y Judicial,1557869548,13.8%
2,Servicios de defensa y seguridad,2,Seguridad interior,41,Ministerio de Seguridad,38,Atención de Pasos Fronterizos - Prefectura Naval Argentina,57000,0.0%
2,Servicios de defensa y seguridad,2,Seguridad interior,41,Ministerio de Seguridad,22,Prestación del Servicio de Seguridad Aeroportuaria,438010490,3.9%
2,Servicios de defensa y seguridad,2,Seguridad interior,56,"Ministerio de Planificación Federal, Inversión Pública y Servicios",25,Ejecución de Obras de Arquitectura,30200000,0.3%
2,Servicios de defensa y seguridad,2,Seguridad interior,56,"Ministerio de Planificación Federal, Inversión Pública y Servicios",62,Formulación y Ejecución Políticas de Transporte Ferroviario,102948000,0.9%
2,Servicios de defensa y seguridad,3,Sistema penal,40,Ministerio de Justicia y Derechos Humanos,18,Política e Infraestructura Penitenciaria,248647595,14.1%
2,Servicios de defensa y seguridad,3,Sistema penal,40,Ministerio de Justicia y Derechos Humanos,1,Actividades Centrales,203673096,11.5%
2,Servicios de defensa y seguridad,3,Sistema penal,40,Ministerio de Justicia y Derechos Humanos,16,Seguridad y Rehabilitación del Interno,1172378753,66.3%
2,Servicios de defensa y seguridad,3,Sistema penal,40,Ministerio de Justicia y Derechos Humanos,24,Cooperación Técnica y Financiera para la Laborterapia de Internos,144073373,8.1%
2,#NAME?,4,#NAME?,20,#NAME?,16,Información e Inteligencia,514716675,52.0%
2,Servicios de defensa y seguridad,4,Inteligencia,41,Ministerio de Seguridad,33,Conducción y Supervisión de la Seguridad Interior,33378670,3.4%
2,Servicios de defensa y seguridad,4,Inteligencia,41,Ministerio de Seguridad,92,Administración del Fondo Permanente de Recompensas,1100000,0.1%
2,Servicios de defensa y seguridad,4,Inteligencia,41,Ministerio de Seguridad,1,Actividades Centrales ,91916221,9.3%
2,Servicios de defensa y seguridad,4,Inteligencia,41,Ministerio de Seguridad,1,Actividades Centrales ,55631916,5.6%
2,Servicios de defensa y seguridad,4,Inteligencia,41,Ministerio de Seguridad,1,Actividades Centrales ,14438800,1.5%
2,Servicios de defensa y seguridad,4,Inteligencia,45,Ministerio de Defensa,16,Conducción y Planificación para la Defensa,3470958,0.4%
2,Servicios de defensa y seguridad,4,Inteligencia,45,Ministerio de Defensa,16,Alistamiento Operacional,184307765,18.6%
2,Servicios de defensa y seguridad,4,Inteligencia,45,Ministerio de Defensa,16,Alistamiento Operacional,39295300,4.0%
2,Servicios de defensa y seguridad,4,Inteligencia,45,Ministerio de Defensa,16,Alistamiento Operacional,52491519,5.3%
3,Servicios sociales,1,Salud,1,Poder Legislativo Nacional,20,Asistencia Social Integral al Personal del Congreso de la Nación,102337811,0.8%
3,Servicios sociales,1,Salud,41,Ministerio de Seguridad,22,Asistencia Médica Sanitaria al Personal Policial y su Familia,259990402,1.9%
3,Servicios sociales,1,Salud,41,Ministerio de Seguridad,42,Asistencia Sanitaria de la Gendarmería Nacional,193226090,1.4%
3,Servicios sociales,1,Salud,41,Ministerio de Seguridad,36,Atención Sanitaria de la Prefectura Naval Argentina,55138217,0.4%
3,Servicios sociales,1,Salud,45,Ministerio de Defensa,18,Asistencia Sanitaria - Estado Mayor General del Ejército,516711487,3.9%
3,Servicios sociales,1,Salud,45,Ministerio de Defensa,17,Sanidad Naval,250401672,1.9%
3,Servicios sociales,1,Salud,45,Ministerio de Defensa,19,Asistencia Sanitaria de la Fuerza Aérea,326036565,2.4%
3,Servicios sociales,1,Salud,45,Ministerio de Defensa,18,Producción de Medicamentos en Laboratorios Militares,3227049,0.0%
3,Servicios sociales,1,Salud,56,"Ministerio de Planificación Federal, Inversión Pública y Servicios",25,Ejecución de Obras de Arquitectura,84835957,0.6%
3,Servicios sociales,1,Salud,56,"Ministerio de Planificación Federal, Inversión Pública y Servicios",50,"Formulación, Programación, Ejecución y Control de Obras Públicas",97964844,0.7%
3,Servicios sociales,1,Salud,70,Ministerio de Educación,26,Desarrollo de la Educación Superior,312892786,2.3%
3,Servicios sociales,1,Salud,75,"Ministerio de Trabajo, Empleo y Seguridad Social",99,Transferencias al Instituto Nacional de Servicios Sociales para Jubilados y Pensionados,3926851001,29.3%
3,Servicios sociales,1,Salud,80,Ministerio de Salud,1,Actividades Centrales,228341408,1.7%
3,Servicios sociales,1,Salud,80,Ministerio de Salud,2,"Actividades Comunes a los Programas 17, 20, 22, 24, 25, 26, 29 , 30, 36, 37, 39 y 40",5976764,0.0%
3,Servicios sociales,1,Salud,80,Ministerio de Salud,3,"Actividades Comunes a los Programas con Financiamiento Externo 17, 20, 22, 25, 29, 30, 37,",10166617,0.1%
3,Servicios sociales,1,Salud,80,Ministerio de Salud,5,"Actividades Comunes a los Programas 16, 18 y 21",5256578,0.0%
3,Servicios sociales,1,Salud,80,Ministerio de Salud,16,Apoyo al Desarrollo de la Atención Médica,42474897,0.3%
3,Servicios sociales,1,Salud,80,Ministerio de Salud,17,Atención de la Madre y el Niño,684476464,5.1%
3,Servicios sociales,1,Salud,80,Ministerio de Salud,18,Formación de Recursos Humanos Sanitarios y Asistenciales,129176182,1.0%
3,Servicios sociales,1,Salud,80,Ministerio de Salud,19,"Determinantes de la Salud, Relaciones Sanitarias e Investigación",31966145,0.2%
3,Servicios sociales,1,Salud,80,Ministerio de Salud,20,Prevención y Control de Enfermedades y Riesgos Específicos,771143665,5.7%
3,Servicios sociales,1,Salud,80,Ministerio de Salud,21,"Planificación, Control, Regulación y Fiscalización de la Política de Salud",37321109,0.3%
3,Servicios sociales,1,Salud,80,Ministerio de Salud,22,Lucha Contra el SIDA y Enfermedades de Transmisión Sexual,381950356,2.8%
3,Servicios sociales,1,Salud,80,Ministerio de Salud,24,Detección y Tratamiento de Enfermedades Crónicas y Factores de Riesgo para la Salud,24195568,0.2%
3,Servicios sociales,1,Salud,80,Ministerio de Salud,25,Atención Primaria de la Salud,22979489,0.2%
3,Servicios sociales,1,Salud,80,Ministerio de Salud,26,Cobertura de Emergencias Sanitarias,8628156,0.1%
3,Servicios sociales,1,Salud,80,Ministerio de Salud,29,Reforma del Sector Salud (BID 1903/OC-AR),175246949,1.3%
3,Servicios sociales,1,Salud,80,Ministerio de Salud,30,Fortalecimiento de la Capacidad del Sistema Público de Salud,142304549,1.1%
3,Servicios sociales,1,Salud,80,Ministerio de Salud,36,At. Médica a los Beneficiarios de Pensiones no Contributivas,1240859938,9.2%
3,Servicios sociales,1,Salud,80,Ministerio de Salud,37,Prevención y Control de Enfermedades Endémicas,64573260,0.5%
3,Servicios sociales,1,Salud,80,Ministerio de Salud,38,Funciones Esenciales de Salud Pública (BIRF 7412-AR),171603740,1.3%
3,Servicios sociales,1,Salud,80,Ministerio de Salud,39,Desarrollo Estrategias en Salud Familiar y Comunitaria,289366632,2.2%
3,Servicios sociales,1,Salud,80,Ministerio de Salud,40,Sanidad Escolar,4894710,0.0%
3,Servicios sociales,1,Salud,80,Ministerio de Salud,41,Atención Sanitaria en el Territorio,28753392,0.2%
3,Servicios sociales,1,Salud,80,Ministerio de Salud,42,Detección Temprana y Tratamiento de Patologías Específicas,10664223,0.1%
3,Servicios sociales,1,Salud,80,Ministerio de Salud,99,"Transferencias Hospital Garraham, Hospital El Cruce y Otras",626786135,4.7%
3,Servicios sociales,1,Salud,80,Ministerio de Salud,53,Atención a Enfermos - Hospital Baldomero Sommer,113814274,0.8%
3,Servicios sociales,1,Salud,80,Ministerio de Salud,54,"Control y Fiscalización de Medicamentos, Alimentos y Productos Médicos",126185741,0.9%
3,Servicios sociales,1,Salud,80,Ministerio de Salud,55,Regulación de la Ablación e Implantes,44963000,0.3%
3,Servicios sociales,1,Salud,80,Ministerio de Salud,58,Atencion Sanitaria para la Comunidad - Hospital Posadas,503266909,3.8%
3,Servicios sociales,1,Salud,80,Ministerio de Salud,59,Atención de Pacientes - Colonia Montes de Oca,113368032,0.8%
3,Servicios sociales,1,Salud,80,Ministerio de Salud,60,Atención a Discapacitados Psicofísicos,40864891,0.3%
3,Servicios sociales,1,Salud,80,Ministerio de Salud,62,Prevención y Control de las Discapacidades,54509146,0.4%
3,Servicios sociales,1,Salud,80,Ministerio de Salud,63,Asistencia Financiera a Agentes del Seguro de Salud,1059752988,7.9%
3,Servicios sociales,1,Salud,80,Ministerio de Salud,50,Regulación y Control del Sistema de Salud,92047786,0.7%
3,Servicios sociales,2,Promoción y asistencia social,20,Presidencia de la Nación,17,Formulación e Implementación de Políticas Públicas de la Mujer,8131053,0.1%
3,Servicios sociales,2,Promoción y asistencia social,20,Presidencia de la Nación,21,Asistencia y Coordinación de Políticas Sociales,107262500,1.1%
3,Servicios sociales,2,Promoción y asistencia social,20,Presidencia de la Nación,16,"Prevención, Asistencia, Control y Lucha Contra la Drogadicción",64788820,0.7%
3,Servicios sociales,2,Promoción y asistencia social,25,Jefatura de Gabinete de Ministros,37,Acciones para la Provisión de Tierras para el Hábitat Social,39329246,0.4%
3,Servicios sociales,2,Promoción y asistencia social,52,"Ministerio de Agricultura, Ganadería y Pesca",3,Actividades Comunes a los Programas 39 y 40,806990,0.0%
3,Servicios sociales,2,Promoción y asistencia social,52,"Ministerio de Agricultura, Ganadería y Pesca",39,"Programa Social Agropecuario (PROINDER BIRF 4212, 7478 y PO Nº 106685)",61877000,0.6%
3,Servicios sociales,2,Promoción y asistencia social,56,"Ministerio de Planificación Federal, Inversión Pública y Servicios",25,Ejecución de Obras de Arquitectura,47948607,0.5%
3,Servicios sociales,2,Promoción y asistencia social,56,"Ministerio de Planificación Federal, Inversión Pública y Servicios",50,"Formulación, Programación, Ejecución y Control de Obras Públicas",731089856,7.6%
3,Servicios sociales,2,Promoción y asistencia social,56,"Ministerio de Planificación Federal, Inversión Pública y Servicios",86,Apoyo para el Dessarrollo de Infraestructura Urbana en Municipios,208923807,2.2%
3,Servicios sociales,2,Promoción y asistencia social,80,Ministerio de Salud,52,Asistencia Integral y Prevención en Drogadicción,32023860,0.3%
3,Servicios sociales,2,Promoción y asistencia social,85,Ministerio de Desarrollo Social,1,Actividades Centrales,500044462,5.2%
3,Servicios sociales,2,Promoción y asistencia social,85,Ministerio de Desarrollo Social,2,"Actividades Comunes a los Programas 21, 24 y 28",8564749,0.1%
3,Servicios sociales,2,Promoción y asistencia social,85,Ministerio de Desarrollo Social,3,Actividades Comunes a los Programas 20 y 26,1411710,0.0%
3,Servicios sociales,2,Promoción y asistencia social,85,Ministerio de Desarrollo Social,4,"Actividades Comunes a los Programas 44, 45, 46 y 47",66966420,0.7%
3,Servicios sociales,2,Promoción y asistencia social,85,Ministerio de Desarrollo Social,20,Acciones de Promoción y Protección Social,732900514,7.6%
3,Servicios sociales,2,Promoción y asistencia social,85,Ministerio de Desarrollo Social,21,"Capacitación, Fortalecimiento y Asistencia Técnica",46368074,0.5%
3,Servicios sociales,2,Promoción y asistencia social,85,Ministerio de Desarrollo Social,23,Pensiones no Contributivas,8275097,0.1%
3,Servicios sociales,2,Promoción y asistencia social,85,Ministerio de Desarrollo Social,24,"Promoción del Empleo Social, Economía Social y Desarrollo Lo",575047419,6.0%
3,Servicios sociales,2,Promoción y asistencia social,85,Ministerio de Desarrollo Social,26,Seguridad Alimentaria,1914349618,19.8%
3,Servicios sociales,2,Promoción y asistencia social,85,Ministerio de Desarrollo Social,28,Familias por la Inclusión Social,76693619,0.8%
3,Servicios sociales,2,Promoción y asistencia social,85,Ministerio de Desarrollo Social,38,Programa del Ingreso Social con Trabajo,3787451129,39.2%
3,Servicios sociales,2,Promoción y asistencia social,85,Ministerio de Desarrollo Social,44,"Acciones para la Promoción y Protección Integral de los Derechos de Niños, Niñas y Adolesc",203294941,2.1%
3,Servicios sociales,2,Promoción y asistencia social,85,Ministerio de Desarrollo Social,45,Políticas Federales para la Promoción de los Derechos de Niños y Adolescentes,55370568,0.6%
3,Servicios sociales,2,Promoción y asistencia social,85,Ministerio de Desarrollo Social,46,Promoción y Protección de los Derechos de Adultos Mayores,54266004,0.6%
3,Servicios sociales,2,Promoción y asistencia social,85,Ministerio de Desarrollo Social,47,Promoción y Asistencia a los Centros de Desarrollo Infantil Comunitarios,4483107,0.0%
3,Servicios sociales,2,Promoción y asistencia social,85,Ministerio de Desarrollo Social,99,Transferencias Varias,693100,0.0%
3,Servicios sociales,2,Promoción y asistencia social,85,Ministerio de Desarrollo Social,16,Asistencia a la Actividad Cooperativa y Mutual,279675411,2.9%
3,Servicios sociales,2,Promoción y asistencia social,85,Ministerio de Desarrollo Social,16,Atención y Desarrollo de Poblaciones Indígenas,39377483,0.4%
3,Servicios sociales,3,Seguridad social,1,Poder Legislativo Nacional,17,Formación y Sanción Legislativa,780000,#NAME?
3,Servicios sociales,3,Seguridad social,5,Poder Judicial de la Nación,26,Atención de Pasividades,19219000,#NAME?
3,Servicios sociales,3,Seguridad social,40,Ministerio de Justicia y Derechos Humanos,17,Pagos a Retirados y Pensionados del Servicio Penitenciario Federal,552431201,#NAME?
3,Servicios sociales,3,Seguridad social,41,Ministerio de Seguridad,43,Pasividades de la Gendarmería Nacional,729851338,#NAME?
3,Servicios sociales,3,Seguridad social,41,Ministerio de Seguridad,32,Atención Pasividades de la Prefectura Naval Argentina,512360496,#NAME?
3,Servicios sociales,3,Seguridad social,41,Ministerio de Seguridad,16,"Administración de Beneficios Previsionales - Caja de Retiros, Jubilaciones y Pensiones de la Policía Federal",2990022500,#NAME?
3,Servicios sociales,3,Seguridad social,41,Ministerio de Seguridad,17,Atención de Pasividades de la Policía Ex-Territorios Nacionales,77718432,#NAME?
3,Servicios sociales,3,Seguridad social,45,Ministerio de Defensa,16,Prestaciones de Previsión Social del Instituto Nacional de Ayuda Financiera para el Pago de Retiros y Pensiones Militares,3030618800,#NAME?
3,Servicios sociales,3,Seguridad social,53,Ministerio de Turismo,18,Atención a Pasividades de Guardaparques,2298000,#NAME?
3,Servicios sociales,3,Seguridad social,75,"Ministerio de Trabajo, Empleo y Seguridad Social",1,Actividades Centrales,3629949791,#NAME?
3,Servicios sociales,3,Seguridad social,75,"Ministerio de Trabajo, Empleo y Seguridad Social",16,Prestaciones Previsionales,101892639434,#NAME?
3,Servicios sociales,3,Seguridad social,75,"Ministerio de Trabajo, Empleo y Seguridad Social",17,Complementos a las Prestaciones Previsionales,352080000,#NAME?
3,Servicios sociales,3,Seguridad social,75,"Ministerio de Trabajo, Empleo y Seguridad Social",18,Seguro de Desempleo,716887000,#NAME?
3,Servicios sociales,3,Seguridad social,75,"Ministerio de Trabajo, Empleo y Seguridad Social",19,Asignaciones Familiares,19927799994,#NAME?
3,Servicios sociales,3,Seguridad social,75,"Ministerio de Trabajo, Empleo y Seguridad Social",20,Atención Ex-Cajas Provinciales,6885005282,#NAME?
3,Servicios sociales,3,Seguridad social,75,"Ministerio de Trabajo, Empleo y Seguridad Social",21,Atencion Pensiones Ex-Combatientes,842872283,#NAME?
3,Servicios sociales,3,Seguridad social,75,"Ministerio de Trabajo, Empleo y Seguridad Social",99,Transferencias a Cajas Previsionales Provinciales y a la AFIP,2574983000,#NAME?
3,Servicios sociales,3,Seguridad social,85,Ministerio de Desarrollo Social,23,Pensiones no Contributivas,11406743556,#NAME?
3,Servicios sociales,4,Educación y cultura,1,Poder Legislativo Nacional,18,Asistencia Bibliográfica,187263236,0.6%
3,Servicios sociales,4,Educación y cultura,20,Presidencia de la Nación,1,Actividades Centrales de la Secretaría de Presidencia de la Nación,8084001,0.0%
3,Servicios sociales,4,Educación y cultura,20,Presidencia de la Nación,1,Actividades Centrales de la Secretaría de Cultura,126072203,0.4%
3,Servicios sociales,4,Educación y cultura,20,Presidencia de la Nación,36,Difusión de la Música y Danza,88768668,0.3%
3,Servicios sociales,4,Educación y cultura,20,Presidencia de la Nación,37,Preservación y Exhibición Artística - Cultural,57936683,0.2%
3,Servicios sociales,4,Educación y cultura,20,Presidencia de la Nación,38,Desarrollo y Promoción Cultural,16757264,0.1%
3,Servicios sociales,4,Educación y cultura,20,Presidencia de la Nación,40,Fomento y Apoyo Económico a Bibliotecas Populares,32613175,0.1%
3,Servicios sociales,4,Educación y cultura,20,Presidencia de la Nación,41,Estudios e Investigaciones Históricas sobre Juan Domingo Perón,4358000,0.0%
3,Servicios sociales,4,Educación y cultura,20,Presidencia de la Nación,42,"Difusión, Concientización y Protección del Patrimonio Cultural del Museo de Bellas Artes",12071017,0.0%
3,Servicios sociales,4,Educación y cultura,20,Presidencia de la Nación,16,Acciones Artísticas del Teatro Nacional Cervantes,37623610,0.1%
3,Servicios sociales,4,Educación y cultura,20,Presidencia de la Nación,25,Servicios de la Biblioteca Nacional,58552430,0.2%
3,Servicios sociales,4,Educación y cultura,20,Presidencia de la Nación,16,"Fomento, Producción y Difusión del Teatro",45605949,0.2%
3,Servicios sociales,4,Educación y cultura,20,Presidencia de la Nación,16,Financiamiento para el Fomento de las Artes,18403000,0.1%
3,Servicios sociales,4,Educación y cultura,25,Jefatura de Gabinete de Ministros,20,Capacitación de los Recursos Humanos del Sector Público,33647261,0.1%
3,Servicios sociales,4,Educación y cultura,25,Jefatura de Gabinete de Ministros,46,Programa Fútbol para Todos,690000000,2.3%
3,Servicios sociales,4,Educación y cultura,40,Ministerio de Justicia y Derechos Humanos,25,Formación y Capacitación del Servicio Penitenciario Federal,105079636,0.4%
3,Servicios sociales,4,Educación y cultura,41,Ministerio de Seguridad,23,Formación y Capacitación del Personal de la Policía Federal,196667975,0.7%
3,Servicios sociales,4,Educación y cultura,41,Ministerio de Seguridad,41,Formación y Capacitación de la Gendarmería Nacional,520140660,1.7%
3,Servicios sociales,4,Educación y cultura,41,Ministerio de Seguridad,37,Formación y Capacitación Profesional de la Prefectura Naval Argentina,188283173,0.6%
3,Servicios sociales,4,Educación y cultura,41,Ministerio de Seguridad,22,Prestación del Servicio de Seguridad Aeroportuaria - Formación y Capacitación,11598550,0.0%
3,Servicios sociales,4,Educación y cultura,45,Ministerio de Defensa,21,Formación y Capacitación - Escuela de Defensa Nacional,6673459,0.0%
3,Servicios sociales,4,Educación y cultura,45,Ministerio de Defensa,17,Formación y Capacitación - Estado Mayor General del Ejército,736206949,2.5%
3,Servicios sociales,4,Educación y cultura,45,Ministerio de Defensa,18,Formación y Capacitación - Estado Mayor General de la Armada,523303680,1.7%
3,Servicios sociales,4,Educación y cultura,45,Ministerio de Defensa,20,Capacitación y Formación de la Fuerza Aérea,312966201,1.0%
3,Servicios sociales,4,Educación y cultura,45,Ministerio de Defensa,19,Formación y Capacitación - Estado Mayor Conjunto de las Fuerzas Armadas,11265502,0.0%
3,Servicios sociales,4,Educación y cultura,56,"Ministerio de Planificación Federal, Inversión Pública y Servicios",25,Ejecución de Obras de Arquitectura,152545000,0.5%
3,Servicios sociales,4,Educación y cultura,56,"Ministerio de Planificación Federal, Inversión Pública y Servicios",50,"Formulación, Programación, Ejecución y Control de Obras Públicas",3000000,0.0%
3,Servicios sociales,4,Educación y cultura,56,"Ministerio de Planificación Federal, Inversión Pública y Servicios",88,Apoyo para el Desarrollo de la Infraestructura Universitaria,201095000,0.7%
3,Servicios sociales,4,Educación y cultura,56,"Ministerio de Planificación Federal, Inversión Pública y Servicios",89,"Acciones para ""Más Escuelas, Mejor Educación"" - BID Nº 1345 y 1966)",632153540,2.1%
3,Servicios sociales,4,Educación y cultura,70,Ministerio de Educación,1,Actividades Centrales,123498567,0.4%
3,Servicios sociales,4,Educación y cultura,70,Ministerio de Educación,9,"Activ. Comunes a los Programas de Educ. 29,32,33, 35, 45 y 46",33041535,0.1%
3,Servicios sociales,4,Educación y cultura,70,Ministerio de Educación,26,Desarrollo de la Educación Superior,13300105378,44.4%
3,Servicios sociales,4,Educación y cultura,70,Ministerio de Educación,29,Gestión Educativa,1062062713,3.5%
3,Servicios sociales,4,Educación y cultura,70,Ministerio de Educación,30,Cooperación e Integración Educativa Internacional,35694701,0.1%
3,Servicios sociales,4,Educación y cultura,70,Ministerio de Educación,32,Información y Evaluación de la Calidad Educativa,38203308,0.1%
3,Servicios sociales,4,Educación y cultura,70,Ministerio de Educación,33,Acciones Compensatorias en Educación,287305941,1.0%
3,Servicios sociales,4,Educación y cultura,70,Ministerio de Educación,35,Servicio de la Biblioteca de Maestros,9394494,0.0%
3,Servicios sociales,4,Educación y cultura,70,Ministerio de Educación,37,Infraestructura y Equipamiento,386966978,1.3%
3,Servicios sociales,4,Educación y cultura,70,Ministerio de Educación,39,Innovación y Desarrollo de la Formación Tecnológica,844981071,2.8%
3,Servicios sociales,4,Educación y cultura,70,Ministerio de Educación,41,Planeamiento Educativo y Fortalecimiento de las Administraciones Provinciales,7350443,0.0%
3,Servicios sociales,4,Educación y cultura,70,Ministerio de Educación,44,Mejoramiento de la Calidad Educativa,79616681,0.3%
3,Servicios sociales,4,Educación y cultura,70,Ministerio de Educación,45,Acciones de Formación Docente,80741624,0.3%
3,Servicios sociales,4,Educación y cultura,70,Ministerio de Educación,98,Fondo Nacional de Incentivo Docente,3011590753,10.1%
3,Servicios sociales,4,Educación y cultura,70,Ministerio de Educación,99,Transferencias Varias,79845727,0.3%
3,Servicios sociales,4,Educación y cultura,70,Ministerio de Educación,16,Evaluación y Acreditación Universitaria,27446550,0.1%
3,Servicios sociales,4,Educación y cultura,75,"Ministerio de Trabajo, Empleo y Seguridad Social",28,"Asistencia Financiera al ""Programa Conectar Igualdad.com.ar""",2198786000,7.3%
3,Servicios sociales,4,Educación y cultura,85,Ministerio de Desarrollo Social,6,Actividad Común a los Programas 17 y 18,41678750,0.1%
3,Servicios sociales,4,Educación y cultura,85,Ministerio de Desarrollo Social,17,Desarrollo  y Fomento del Deporte Social y del Deporte de Alto Rendimiento,74278814,0.2%
3,Servicios sociales,4,Educación y cultura,85,Ministerio de Desarrollo Social,18,Asistencia Médico-Deportiva y Control Antidoping,5275710,0.0%
3,Servicios sociales,4,Educación y cultura,91,Obligaciones a Cargo del Tesoro,95,Asistencia Financiera a Empresas Públicas y Ente Binacional,73054000,0.2%
3,Servicios sociales,4,Educación y cultura,91,Obligaciones a Cargo del Tesoro,99,Otras Asistencias Financieras,3139327773,10.5%
3,Servicios sociales,5,Ciencia y técnica,35,"Ministerio de Relaciones Exteriores, Comercio Internacional y Culto",20,Desarrollo del Plan Antártico,56578814,0.9%
3,Servicios sociales,5,Ciencia y técnica,35,"Ministerio de Relaciones Exteriores, Comercio Internacional y Culto",1,Actividades Centrales de la Comisión Nacional de Actividades Espaciales (CNAE),46302469,0.7%
3,Servicios sociales,5,Ciencia y técnica,35,"Ministerio de Relaciones Exteriores, Comercio Internacional y Culto",2,Actividades Comunes a los Programas 16 y 17 de la CNAE,529400,0.0%
3,Servicios sociales,5,Ciencia y técnica,35,"Ministerio de Relaciones Exteriores, Comercio Internacional y Culto",16,Generación de Ciclos de Información Espacial Completos,285346717,4.6%
3,Servicios sociales,5,Ciencia y técnica,35,"Ministerio de Relaciones Exteriores, Comercio Internacional y Culto",17,Investigación y Desarrollo de Medios de Acceso al Espacio,46359000,0.7%
3,Servicios sociales,5,Ciencia y técnica,35,"Ministerio de Relaciones Exteriores, Comercio Internacional y Culto",18,Reconversión de la Planta Industrial Falda del Carmen,16000,0.0%
3,Servicios sociales,5,Ciencia y técnica,45,Ministerio de Defensa,16,Conducción y Planificación para la Defensa - Investigación y Desarrollo,4958000,0.1%
3,Servicios sociales,5,Ciencia y técnica,45,Ministerio de Defensa,17,Desarrollo Tecnológico para la Defensa,81614668,1.3%
3,Servicios sociales,5,Ciencia y técnica,45,Ministerio de Defensa,16,Alistamiento Operacional - Estado Mayor General de la Armada - Recuperación Rompehielos Almirante Irizar,82140739,1.3%
3,Servicios sociales,5,Ciencia y técnica,45,Ministerio de Defensa,20,Sostén Logístico Antártico,137686657,2.2%
3,Servicios sociales,5,Ciencia y técnica,45,Ministerio de Defensa,16,Elaboración y Actualización de Cartografía Básica Nacional,45635160,0.7%
3,Servicios sociales,5,Ciencia y técnica,51,Ministerio de Industria,16,Desarrollo y Competitividad Industrial,243320600,3.9%
3,Servicios sociales,5,Ciencia y técnica,52,"Ministerio de Agricultura, Ganadería y Pesca",1,Actividades Centrales del Instituto Nacional de Tecnología Agropecuaria (INTA),238704547,3.8%
3,Servicios sociales,5,Ciencia y técnica,52,"Ministerio de Agricultura, Ganadería y Pesca",16,Investigación Fundamental e Innovaciones Tecnológicas (INTA),155753472,2.5%
3,Servicios sociales,5,Ciencia y técnica,52,"Ministerio de Agricultura, Ganadería y Pesca",17,"Investigación Aplicada, Innovación y Transferencias de Tecnologías (INTA)",837333697,13.4%
3,Servicios sociales,5,Ciencia y técnica,56,"Ministerio de Planificación Federal, Inversión Pública y Servicios",25,Ejecución de Obras de Arquitectura,4920000,0.1%
3,Servicios sociales,5,Ciencia y técnica,56,"Ministerio de Planificación Federal, Inversión Pública y Servicios",30,Prevención Sísmica,11046451,0.2%
3,Servicios sociales,5,Ciencia y técnica,56,"Ministerio de Planificación Federal, Inversión Pública y Servicios",1,Actividades Centrales de la Comisión Nacional de Energía Atómica (CNEA),281967688,4.5%
3,Servicios sociales,5,Ciencia y técnica,56,"Ministerio de Planificación Federal, Inversión Pública y Servicios",20,Desarrollos y Suministros para la Energía Nuclear,149810970,2.4%
3,Servicios sociales,5,Ciencia y técnica,56,"Ministerio de Planificación Federal, Inversión Pública y Servicios",21,Aplicaciones de la Tecnología Nuclear,88050107,1.4%
3,Servicios sociales,5,Ciencia y técnica,56,"Ministerio de Planificación Federal, Inversión Pública y Servicios",22,Acciones para la Seguridad Nuclear y Protección Ambiental,115370816,1.9%
3,Servicios sociales,5,Ciencia y técnica,56,"Ministerio de Planificación Federal, Inversión Pública y Servicios",23,Investigación y Aplicaciones no Nucleares,49844618,0.8%
3,Servicios sociales,5,Ciencia y técnica,56,"Ministerio de Planificación Federal, Inversión Pública y Servicios",24,Suminitros y Tecnología Ciclo Combustible Nuclear,142314413,2.3%
3,Servicios sociales,5,Ciencia y técnica,56,"Ministerio de Planificación Federal, Inversión Pública y Servicios",16,Desarrollo de la Ciencia y Técnica del Agua,56379023,0.9%
3,Servicios sociales,5,Ciencia y técnica,56,"Ministerio de Planificación Federal, Inversión Pública y Servicios",1,Actividades Centrales del Servicio Geológico Minero,17444787,0.3%
3,Servicios sociales,5,Ciencia y técnica,56,"Ministerio de Planificación Federal, Inversión Pública y Servicios",16,Desarrollo y Aplicación de la Tecnología Minera,14405051,0.2%
3,Servicios sociales,5,Ciencia y técnica,56,"Ministerio de Planificación Federal, Inversión Pública y Servicios",19,Producción de Información Geológica de Base,45512562,0.7%
3,Servicios sociales,5,Ciencia y técnica,70,Ministerio de Educación,26,Desarrollo de la Educación Superior,206231300,3.3%
3,Servicios sociales,5,Ciencia y técnica,70,Ministerio de Educación,16,"Investigación de la Flora, Fauna y Gea",35166595,0.6%
3,Servicios sociales,5,Ciencia y técnica,71,"Ministerio de Ciencia, Tecnología e Innovación Productiva",1,Actividades Centrales,162210326,2.6%
3,Servicios sociales,5,Ciencia y técnica,71,"Ministerio de Ciencia, Tecnología e Innovación Productiva",43,Formulación e Implementación de la Política de Ciencia y Tecnología,277072019,4.4%
3,Servicios sociales,5,Ciencia y técnica,71,"Ministerio de Ciencia, Tecnología e Innovación Productiva",44,"Promoción y Financiamiento de Actividades de Ciencia,Tecnología e Innovación",555202546,8.9%
3,Servicios sociales,5,Ciencia y técnica,71,"Ministerio de Ciencia, Tecnología e Innovación Productiva",1,Actividades Centrales del CONICET,83557710,1.3%
3,Servicios sociales,5,Ciencia y técnica,71,"Ministerio de Ciencia, Tecnología e Innovación Productiva",16,Formación de Recursos Humanos y Promoción Científica y Tecnológica,1483773503,23.8%
3,Servicios sociales,5,Ciencia y técnica,71,"Ministerio de Ciencia, Tecnología e Innovación Productiva",17,Exhibición Pública e Investigación en Ciencias Naturales de la República Argentina,7552867,0.1%
3,Servicios sociales,5,Ciencia y técnica,80,Ministerio de Salud,56,"Prevención, Control e Investigación de Patologías en Salud (ANLIS)",182610369,2.9%
3,Servicios sociales,6,Trabajo,75,"Ministerio de Trabajo, Empleo y Seguridad Social",1,Actividades Centrales,179238624,#NAME?
3,Servicios sociales,6,Trabajo,75,"Ministerio de Trabajo, Empleo y Seguridad Social",16,Acciones de Empleo,1768513333,#NAME?
3,Servicios sociales,6,Trabajo,75,"Ministerio de Trabajo, Empleo y Seguridad Social",18,Análisis y Formulación de la Política de Seguridad Social,12578966,#NAME?
3,Servicios sociales,6,Trabajo,75,"Ministerio de Trabajo, Empleo y Seguridad Social",20,Formulación y Regulación de la Política Laboral,137417287,#NAME?
3,Servicios sociales,6,Trabajo,75,"Ministerio de Trabajo, Empleo y Seguridad Social",22,Regularización del Trabajo,73598302,#NAME?
3,Servicios sociales,6,Trabajo,75,"Ministerio de Trabajo, Empleo y Seguridad Social",23,Acciones de Capacitación Laboral,320675975,#NAME?
3,Servicios sociales,6,Trabajo,75,"Ministerio de Trabajo, Empleo y Seguridad Social",24,Sistema Federal de Empleo,74605428,#NAME?
3,Servicios sociales,6,Trabajo,75,"Ministerio de Trabajo, Empleo y Seguridad Social",16,Fiscalización Cumplimiento de la Ley de Riesgos del Trabajo,61086000,#NAME?
3,Servicios sociales,7,Vivienda y urbanismo,56,"Ministerio de Planificación Federal, Inversión Pública y Servicios",10,Actividades Comunes a los Programas de Vivienda,34325840,#NAME?
3,Servicios sociales,7,Vivienda y urbanismo,56,"Ministerio de Planificación Federal, Inversión Pública y Servicios",42,Acciones para el Desarrollo de la Infraestructura Social,396427500,#NAME?
3,Servicios sociales,7,Vivienda y urbanismo,56,"Ministerio de Planificación Federal, Inversión Pública y Servicios",43,"Desarrollo de la Infraestructura Habitacional ""TECHO DIGNO""",2509058396,#NAME?
3,Servicios sociales,7,Vivienda y urbanismo,56,"Ministerio de Planificación Federal, Inversión Pública y Servicios",44,Acciones para el Mejoramiento Habitacional e Infraestructura Básica,1093074000,#NAME?
3,Servicios sociales,7,Vivienda y urbanismo,56,"Ministerio de Planificación Federal, Inversión Pública y Servicios",45,Fortalecimiento Comunitario del Habitat,512866000,#NAME?
3,Servicios sociales,7,Vivienda y urbanismo,56,"Ministerio de Planificación Federal, Inversión Pública y Servicios",46,Urbanización de Villas y Asentamientos Precarios,464966750,#NAME?
3,Servicios sociales,7,Vivienda y urbanismo,56,"Ministerio de Planificación Federal, Inversión Pública y Servicios",85,Acciones Hídricas y Viales para el Dessarrollo Integrador de,48884078,#NAME?
3,Servicios sociales,8,Agua potable y alcantarillado,56,"Ministerio de Planificación Federal, Inversión Pública y Servicios",19,Recursos Hídricos,84290780,1.9%
3,Servicios sociales,8,Agua potable y alcantarillado,56,"Ministerio de Planificación Federal, Inversión Pública y Servicios",85,Acciones Hídricas y Viales para el Dessarrollo Integrador de,549013599,12.5%
3,Servicios sociales,8,Agua potable y alcantarillado,56,"Ministerio de Planificación Federal, Inversión Pública y Servicios",90,Atención del Estado de Emergencia por Inundaciones,820000,0.0%
3,Servicios sociales,8,Agua potable y alcantarillado,56,"Ministerio de Planificación Federal, Inversión Pública y Servicios",94,Asistencia Financiera a Empresas Públicas y Entes Binacionales,449734000,10.3%
3,Servicios sociales,8,Agua potable y alcantarillado,56,"Ministerio de Planificación Federal, Inversión Pública y Servicios",20,Asistencia Técnico - Financiera y Desarrollo de Infraestructura para el Saneamiento,1450378207,33.1%
3,Servicios sociales,8,Agua potable y alcantarillado,91,Obligaciones a Cargo del Tesoro,95,Asistencia Financiera a Empresas Públicas y Ente Binacional,1845300000,42.1%
4,Servicios económicos,1,"Energía, combustibles y minería",20,Presidencia de la Nación,16,Regulación y Fiscalización de las Actividades Nucleares,139384438,0.5%
4,Servicios económicos,1,"Energía, combustibles y minería",56,"Ministerio de Planificación Federal, Inversión Pública y Servicios",1,Actividades Centrales,17436307,0.1%
4,Servicios económicos,1,"Energía, combustibles y minería",56,"Ministerio de Planificación Federal, Inversión Pública y Servicios",5,Actividades Comunes a los Programas de Energía,64340621,0.2%
4,Servicios económicos,1,"Energía, combustibles y minería",56,"Ministerio de Planificación Federal, Inversión Pública y Servicios",19,Recursos Hídricos,43490059,0.2%
4,Servicios económicos,1,"Energía, combustibles y minería",56,"Ministerio de Planificación Federal, Inversión Pública y Servicios",32,Formulación y Ejecución de la Política Geológico-Minera (BID Nº 1865-OC-AR-2),87175627,0.3%
4,Servicios económicos,1,"Energía, combustibles y minería",56,"Ministerio de Planificación Federal, Inversión Pública y Servicios",73,Formulacion y Ejecucion de Politica de Hidrocarburos,748558094,2.9%
4,Servicios económicos,1,"Energía, combustibles y minería",56,"Ministerio de Planificación Federal, Inversión Pública y Servicios",74,Formulación y Ejecución de la Política de Energía Eléctrica,14384447544,54.8%
4,Servicios económicos,1,"Energía, combustibles y minería",56,"Ministerio de Planificación Federal, Inversión Pública y Servicios",75,Acciones para el Uso Racional y Eficiente de la Energía,138363837,0.5%
4,Servicios económicos,1,"Energía, combustibles y minería",56,"Ministerio de Planificación Federal, Inversión Pública y Servicios",77,Acciones para la Ampliación de las Redes Eléctricas de Alta Tensión,2220601719,8.5%
4,Servicios económicos,1,"Energía, combustibles y minería",56,"Ministerio de Planificación Federal, Inversión Pública y Servicios",78,Desarrollo Energético Provincial,854932150,3.3%
4,Servicios económicos,1,"Energía, combustibles y minería",56,"Ministerio de Planificación Federal, Inversión Pública y Servicios",16,Desarrollo y Aplicación de la Tecnología Minera,2000000,0.0%
4,Servicios económicos,1,"Energía, combustibles y minería",56,"Ministerio de Planificación Federal, Inversión Pública y Servicios",16,Regulación del Transporte y Distribución  de Gas,104261023,0.4%
4,Servicios económicos,1,"Energía, combustibles y minería",56,"Ministerio de Planificación Federal, Inversión Pública y Servicios",16,Regulación y Contralor del Mercado Eléctrico,103182000,0.4%
4,Servicios económicos,1,"Energía, combustibles y minería",56,"Ministerio de Planificación Federal, Inversión Pública y Servicios",17,Control de Seguridad de Presas,17919000,0.1%
4,Servicios económicos,1,"Energía, combustibles y minería",91,Obligaciones a Cargo del Tesoro,94,Asistencia Financiera a Sectores Económicos,774000000,3.0%
4,Servicios económicos,1,"Energía, combustibles y minería",91,Obligaciones a Cargo del Tesoro,95,Asistencia Financiera a Empresas Públicas y Ente Binacional,6329840000,24.1%
4,Servicios económicos,1,"Energía, combustibles y minería",91,Obligaciones a Cargo del Tesoro,98,Asistencia Financiera a Provincias y Municipios,200000000,0.8%
4,Servicios económicos,2,Comunicaciones,25,Jefatura de Gabinete de Ministros,1,1-Actividades Centrales de la Autoridad Federal de Servicios de Comunicación Audiovisual,30686971,0.7%
4,Servicios económicos,2,Comunicaciones,25,Jefatura de Gabinete de Ministros,16,Control de los Servicios de Radiodifusión,56802052,1.2%
4,Servicios económicos,2,Comunicaciones,25,Jefatura de Gabinete de Ministros,18,"Enseñanza, Capacitación y Habilitación",3886466,0.1%
4,Servicios económicos,2,Comunicaciones,56,"Ministerio de Planificación Federal, Inversión Pública y Servicios",1,Actividades Centrales,71290432,1.5%
4,Servicios económicos,2,Comunicaciones,56,"Ministerio de Planificación Federal, Inversión Pública y Servicios",25,Ejecución de Obras de Arquitectura,98945286,2.1%
4,Servicios económicos,2,Comunicaciones,56,"Ministerio de Planificación Federal, Inversión Pública y Servicios",58,Asistencia y Coordinación de Políticas de Comunicaciones,23695417,0.5%
4,Servicios económicos,2,Comunicaciones,56,"Ministerio de Planificación Federal, Inversión Pública y Servicios",94,Asistencia Financiera a Empresas Públicas y Entes Binacionales,1865799000,40.1%
4,Servicios económicos,2,Comunicaciones,56,"Ministerio de Planificación Federal, Inversión Pública y Servicios",1,Actividades Centrales de la Comisión Nacional de Comunicaciones,97789707,2.1%
4,Servicios económicos,2,Comunicaciones,56,"Ministerio de Planificación Federal, Inversión Pública y Servicios",16,Control de los Servicios de Telecomunicaciones,78897564,1.7%
4,Servicios económicos,2,Comunicaciones,56,"Ministerio de Planificación Federal, Inversión Pública y Servicios",17,Control de los Servicios Postales,7575906,0.2%
4,Servicios económicos,2,Comunicaciones,56,"Ministerio de Planificación Federal, Inversión Pública y Servicios",18,Administración del Espectro  Radioeléctrico,30374895,0.7%
4,Servicios económicos,2,Comunicaciones,56,"Ministerio de Planificación Federal, Inversión Pública y Servicios",19,"Desarrollo Tecnológico, Infraestructura y Otros Servicios de Comunicaciones",24274797,0.5%
4,Servicios económicos,2,Comunicaciones,91,Obligaciones a Cargo del Tesoro,95,Asistencia Financiera a Empresas Públicas y Ente Binacional,2263537454,48.6%
4,Servicios económicos,3,Transporte,45,Ministerio de Defensa,17,Transporte Aéreo de Fomento (LADE),60975775,0.2%
4,Servicios económicos,3,Transporte,45,Ministerio de Defensa,18,Apoyo a la Actividad Aérea Nacional,275456804,1.0%
4,Servicios económicos,3,Transporte,45,Ministerio de Defensa,23,Servicio Meteorológico Nacional,28043273,0.1%
4,Servicios económicos,3,Transporte,45,Ministerio de Defensa,16,Servicios de Meteorología Nacional,89023000,0.3%
4,Servicios económicos,3,Transporte,56,"Ministerio de Planificación Federal, Inversión Pública y Servicios",1,Actividades Centrales,11638065,0.0%
4,Servicios económicos,3,Transporte,56,"Ministerio de Planificación Federal, Inversión Pública y Servicios",9,Actividades Comunes a los Programas de Transporte,31371821,0.1%
4,Servicios económicos,3,Transporte,56,"Ministerio de Planificación Federal, Inversión Pública y Servicios",16,Hidrovía Paraguay - Paraná,2965240,0.0%
4,Servicios económicos,3,Transporte,56,"Ministerio de Planificación Federal, Inversión Pública y Servicios",25,Ejecución de Obras de Arquitectura,20000,0.0%
4,Servicios económicos,3,Transporte,56,"Ministerio de Planificación Federal, Inversión Pública y Servicios",50,"Formulación, Programación, Ejecución y Control de Obras Públicas",37856950,0.1%
4,Servicios económicos,3,Transporte,56,"Ministerio de Planificación Federal, Inversión Pública y Servicios",60,Formulación y Ejecución de Políticas de Transporte Aerocomercial,2782246786,10.1%
4,Servicios económicos,3,Transporte,56,"Ministerio de Planificación Federal, Inversión Pública y Servicios",61,Formulación y Ejecución de Políticas de Transporte Automotor,6271036852,22.7%
4,Servicios económicos,3,Transporte,56,"Ministerio de Planificación Federal, Inversión Pública y Servicios",62,Formulación y Ejecución Políticas de Transporte Ferroviario,3408981053,12.3%
4,Servicios económicos,3,Transporte,56,"Ministerio de Planificación Federal, Inversión Pública y Servicios",63,Acciones para la Implementación del Sistema Único de Boleto Electrónico (SUBE),174629644,0.6%
4,Servicios económicos,3,Transporte,56,"Ministerio de Planificación Federal, Inversión Pública y Servicios",83,Desarrollo de la Infraestructura Vial Productiva,339170000,1.2%
4,Servicios económicos,3,Transporte,56,"Ministerio de Planificación Federal, Inversión Pública y Servicios",85,Acciones Hídricas y Viales para el Dessarrollo Integrador de,773854322,2.8%
4,Servicios económicos,3,Transporte,56,"Ministerio de Planificación Federal, Inversión Pública y Servicios",86,Apoyo para el Dessarrollo de Infraestructura Urbana en MunicIPIOS,2455193,0.0%
4,Servicios económicos,3,Transporte,56,"Ministerio de Planificación Federal, Inversión Pública y Servicios",91,Formulación y Conducción de Políticas Portuarias y de Vías N,298212957,1.1%
4,Servicios económicos,3,Transporte,56,"Ministerio de Planificación Federal, Inversión Pública y Servicios",94,Asistencia Financiera a Empresas Públicas y Entes Binacionales,803200000,2.9%
4,Servicios económicos,3,Transporte,56,"Ministerio de Planificación Federal, Inversión Pública y Servicios",1,Actividades Centrales de la Dirección Nacional de Vialidad (DNV),180514744,0.7%
4,Servicios económicos,3,Transporte,56,"Ministerio de Planificación Federal, Inversión Pública y Servicios",16,Mantenimiento - DNV,1326189581,4.8%
4,Servicios económicos,3,Transporte,56,"Ministerio de Planificación Federal, Inversión Pública y Servicios",22,Construcciones - DNV,7243501097,26.2%
4,Servicios económicos,3,Transporte,56,"Ministerio de Planificación Federal, Inversión Pública y Servicios",26,Sistema de Contratos de Recuperación y Mantenimiento - DNV,497148000,1.8%
4,Servicios económicos,3,Transporte,56,"Ministerio de Planificación Federal, Inversión Pública y Servicios",36,Control de Concesiones Viales - DNV,392578269,1.4%
4,Servicios económicos,3,Transporte,56,"Ministerio de Planificación Federal, Inversión Pública y Servicios",37,Infraestructura en Concesiones Viales - DNV,176958611,0.6%
4,Servicios económicos,3,Transporte,56,"Ministerio de Planificación Federal, Inversión Pública y Servicios",38,Infraestructura en Áreas Urbanas - DNV,99424197,0.4%
4,Servicios económicos,3,Transporte,56,"Ministerio de Planificación Federal, Inversión Pública y Servicios",39,Obras de Mejoras en Corredores Viales Nacionales - DNV,26098192,0.1%
4,Servicios económicos,3,Transporte,56,"Ministerio de Planificación Federal, Inversión Pública y Servicios",40,Obras en Corredores Viales - DNV,461851800,1.7%
4,Servicios económicos,3,Transporte,56,"Ministerio de Planificación Federal, Inversión Pública y Servicios",37,"Fiscalización, Regulación y Control del Servicio de Transporte",86578000,0.3%
4,Servicios económicos,3,Transporte,56,"Ministerio de Planificación Federal, Inversión Pública y Servicios",16,Control del Sistema Nacional de Aeropuertos,80664776,0.3%
4,Servicios económicos,3,Transporte,56,"Ministerio de Planificación Federal, Inversión Pública y Servicios",16,"Regulación, Fiscalización  y Administración de la Aviación Civil",264594809,1.0%
4,Servicios económicos,3,Transporte,91,Obligaciones a Cargo del Tesoro,95,Asistencia Financiera a Empresas Públicas y Ente Binacional,1419132000,5.1%
4,Servicios económicos,4,Ecología y medio ambiente,25,Jefatura de Gabinete de Ministros,6,"Actividad Común a los Programas 40, 41, 42 y 43",35997676,2.3%
4,Servicios económicos,4,Ecología y medio ambiente,25,Jefatura de Gabinete de Ministros,38,Programa Integral Cuenca Matanza - Riachuelo,154467825,9.9%
4,Servicios económicos,4,Ecología y medio ambiente,25,Jefatura de Gabinete de Ministros,39,Gestión Ambiental Matanza - Riachuelo BID 1059/OC - AR,154075000,9.9%
4,Servicios económicos,4,Ecología y medio ambiente,25,Jefatura de Gabinete de Ministros,40,Planificación y Política Ambiental,384814813,24.8%
4,Servicios económicos,4,Ecología y medio ambiente,25,Jefatura de Gabinete de Ministros,41,Promoción del Desarrollo Sustentable,26674963,1.7%
4,Servicios económicos,4,Ecología y medio ambiente,25,Jefatura de Gabinete de Ministros,42,Coordinación de Políticas Ambientales,131177000,8.4%
4,Servicios económicos,4,Ecología y medio ambiente,25,Jefatura de Gabinete de Ministros,43,Control Ambiental,40696020,2.6%
4,Servicios económicos,4,Ecología y medio ambiente,25,Jefatura de Gabinete de Ministros,44,Desarrollo Sustentable de la Cuenca Matanza - Riachuelo (BIRF 7706-AC),293675000,18.9%
4,Servicios económicos,4,Ecología y medio ambiente,53,Ministerio de Turismo,1,Actividades Centrales,95324221,6.1%
4,Servicios económicos,4,Ecología y medio ambiente,53,Ministerio de Turismo,17,Conservación y Administración de Áreas Naturales Protegidas,116572441,7.5%
4,Servicios económicos,4,Ecología y medio ambiente,53,Ministerio de Turismo,19,Capacitación,1437830,0.1%
4,Servicios económicos,4,Ecología y medio ambiente,53,Ministerio de Turismo,20,Areas Protegidas y Conservacion de Corredores (BIRF 7520/AR Comp.3),30510000,2.0%
4,Servicios económicos,4,Ecología y medio ambiente,53,Ministerio de Turismo,21,Conservación de la Biodiversidad (GEF TF 094428/AR),1800000,0.1%
4,Servicios económicos,4,Ecología y medio ambiente,53,Ministerio de Turismo,22,Mejora de la Competitividad del Sector Turismo (BID 1648/OC-AR),21084040,1.4%
4,Servicios económicos,4,Ecología y medio ambiente,56,"Ministerio de Planificación Federal, Inversión Pública y Servicios",19,Recursos Hídricos,65900000,4.2%
4,Servicios económicos,5,Agricultura,52,"Ministerio de Agricultura, Ganadería y Pesca",2,Actividades Comunes a los Programas 36 y 38,730166,0.0%
4,Servicios económicos,5,Agricultura,52,"Ministerio de Agricultura, Ganadería y Pesca",36,Formulación de Políticas de los Sectores Agropecuario y Pesquero,412364504,7.8%
4,Servicios económicos,5,Agricultura,52,"Ministerio de Agricultura, Ganadería y Pesca",38,Programa Federal de Reconversión Productiva,7525362,0.1%
4,Servicios económicos,5,Agricultura,52,"Ministerio de Agricultura, Ganadería y Pesca",40,Formulación de Políticas de Desarrollo Regional,19765884,0.4%
4,Servicios económicos,5,Agricultura,52,"Ministerio de Agricultura, Ganadería y Pesca",41,Programa de Servicios Agrícolas Provinciales - PROSAP (BID 899 y 1956 y BIRF 4150 y  7425),121218000,2.3%
4,Servicios económicos,5,Agricultura,52,"Ministerio de Agricultura, Ganadería y Pesca",42,Articulación de Relaciones Institucionales y Comunicacionales,24690461,0.5%
4,Servicios económicos,5,Agricultura,52,"Ministerio de Agricultura, Ganadería y Pesca",16,Investigación y Desarrollo Pesquero,55157000,1.0%
4,Servicios económicos,5,Agricultura,52,"Ministerio de Agricultura, Ganadería y Pesca",16,Administración y Control Comercial Agropecuario,2578468000,49.0%
4,Servicios económicos,5,Agricultura,52,"Ministerio de Agricultura, Ganadería y Pesca",40,Promocion del Comercio y Produccion de Semillas,24746800,0.5%
4,Servicios económicos,5,Agricultura,52,"Ministerio de Agricultura, Ganadería y Pesca",1,Actividades Centrales del Servicio Nacional de Sanidad y Calidad Agroalimentaria (SENASA),223920821,4.3%
4,Servicios económicos,5,Agricultura,52,"Ministerio de Agricultura, Ganadería y Pesca",16,Protección Vegetal,107362364,2.0%
4,Servicios económicos,5,Agricultura,52,"Ministerio de Agricultura, Ganadería y Pesca",17,Servicios de Laboratorios,83531738,1.6%
4,Servicios económicos,5,Agricultura,52,"Ministerio de Agricultura, Ganadería y Pesca",18,Aprobación de Agroquím. Productos Farmacológ. y Veterinarios,13460775,0.3%
4,Servicios económicos,5,Agricultura,52,"Ministerio de Agricultura, Ganadería y Pesca",19,Fiscalización Agroalimentaria,326823686,6.2%
4,Servicios económicos,5,Agricultura,52,"Ministerio de Agricultura, Ganadería y Pesca",20,Sanidad Animal,178643740,3.4%
4,Servicios económicos,5,Agricultura,52,"Ministerio de Agricultura, Ganadería y Pesca",22,Acciones para Contribuir a Asegurar la Sanidad y Calidad Agroalimentaria,0,0.0%
4,Servicios económicos,5,Agricultura,56,"Ministerio de Planificación Federal, Inversión Pública y Servicios",19,Recursos Hídricos,8545000,0.2%
4,Servicios económicos,5,Agricultura,91,Obligaciones a Cargo del Tesoro,94,Asistencia Financiera a Sectores Económicos,1075014000,20.4%
4,Servicios económicos,6,Industria,51,Ministerio de Industria,24,Fomento de la Pequeña y Mediana Empresa,171688533,16.2%
4,Servicios económicos,6,Industria,51,Ministerio de Industria,56,Formulación y Aplicación de Políticas para la Industria,45242643,4.3%
4,Servicios económicos,6,Industria,51,Ministerio de Industria,18,Protección de los Derechos de la Propiedad Industrial,63916836,6.0%
4,Servicios económicos,6,Industria,52,"Ministerio de Agricultura, Ganadería y Pesca",16,Control de Genuinidad de la Producción Vitivinícola,126326000,11.9%
4,Servicios económicos,6,Industria,56,"Ministerio de Planificación Federal, Inversión Pública y Servicios",16,Producción y Comercialización de Bienes y Servicios - Dirección General de Fabricaciones Militares,332962000,31.4%
4,Servicios económicos,6,Industria,91,Obligaciones a Cargo del Tesoro,90,Atención estado de Emergencia por Inundaciones e Inclemencias Climáticas,673000,0.1%
4,Servicios económicos,6,Industria,91,Obligaciones a Cargo del Tesoro,94,Asistencia Financiera a Sectores Económicos,307651000,29.0%
4,Servicios económicos,6,Industria,91,Obligaciones a Cargo del Tesoro,95,Asistencia Financiera a Empresas Públicas y Ente Binacional,5000000,0.5%
4,Servicios económicos,6,Industria,91,Obligaciones a Cargo del Tesoro,99,Otras Asistencias Financieras,7959863,0.7%
4,Servicios económicos,7,"Comercio, turismo y otros servicios",50,Ministerio de Economía y Finanzas Públicas,30,Definición de Políticas de Comercio Interior,40854257,6.1%
4,Servicios económicos,7,"Comercio, turismo y otros servicios",50,Ministerio de Economía y Finanzas Públicas,31,Defensa de la Libre Competencia,10115132,1.5%
4,Servicios económicos,7,"Comercio, turismo y otros servicios",50,Ministerio de Economía y Finanzas Públicas,35,Defensa del Consumidor,16950821,2.5%
4,Servicios económicos,7,"Comercio, turismo y otros servicios",51,Ministerio de Industria,8,Actividades Comunes a los Programas 17 y 56,20240172,3.0%
4,Servicios económicos,7,"Comercio, turismo y otros servicios",51,Ministerio de Industria,17,Definición de Políticas de Comercio Exterior,39417803,5.9%
4,Servicios económicos,7,"Comercio, turismo y otros servicios",51,Ministerio de Industria,33,Análisis y Regul.de la Competencia Comercial Internacional,11345655,1.7%
4,Servicios económicos,7,"Comercio, turismo y otros servicios",53,Ministerio de Turismo,1,Actividades Centrales,96106708,14.4%
4,Servicios económicos,7,"Comercio, turismo y otros servicios",53,Ministerio de Turismo,16,Desarrollo y Promoción del Turismo Nacional,58957724,8.9%
4,Servicios económicos,7,"Comercio, turismo y otros servicios",53,Ministerio de Turismo,18,Prestaciones Turísticas,87539445,13.1%
4,Servicios económicos,7,"Comercio, turismo y otros servicios",53,Ministerio de Turismo,16,Promoción del Turismo Receptivo Internacional,95967509,14.4%
4,Servicios económicos,7,"Comercio, turismo y otros servicios",56,"Ministerio de Planificación Federal, Inversión Pública y Servicios",25,Ejecución de Obras de Arquitectura,188472757,28.3%
4,Servicios económicos,8,Seguros y finanzas,50,Ministerio de Economía y Finanzas Públicas,16,Control y Fiscalización de la Oferta Pública - Comisión Nacional de Valores,35173275,16.6%
4,Servicios económicos,8,Seguros y finanzas,50,Ministerio de Economía y Finanzas Públicas,16,Control y Fiscalización de la Actividad Aseguradora y Reaseguradora,67196000,31.7%
4,Servicios económicos,8,Seguros y finanzas,91,Obligaciones a Cargo del Tesoro,96,Atención Servicios Financieros y Gastos Judiciales,6000000,2.8%
4,Servicios económicos,8,Seguros y finanzas,91,Obligaciones a Cargo del Tesoro,99,Otras Asistencias Financieras,103750000,48.9%
5,Deuda pública,1,Servicio de la deuda pública (intereses y gastos),45,Ministerio de Defensa,16,Elaboración y Actualización de Cartografía Básica Nacional,27400,0.0%
5,Deuda pública,1,Servicio de la deuda pública (intereses y gastos),51,Ministerio de Industria,16,Desarrollo y Competitividad Industrial,862000,0.0%
5,Deuda pública,1,Servicio de la deuda pública (intereses y gastos),52,"Ministerio de Agricultura, Ganadería y Pesca",1,Actividades Centrales,1000000,0.0%
5,Deuda pública,1,Servicio de la deuda pública (intereses y gastos),52,"Ministerio de Agricultura, Ganadería y Pesca",16,Control de Genuinidad de la Producción Vitivinícola,135000,0.0%
5,Deuda pública,1,Servicio de la deuda pública (intereses y gastos),52,"Ministerio de Agricultura, Ganadería y Pesca",1,Actividades Centrales,8314239,0.0%
5,Deuda pública,1,Servicio de la deuda pública (intereses y gastos),52,"Ministerio de Agricultura, Ganadería y Pesca",22,Acciones para Contribuir a Asegurar la Sanidad y Calidad Agroalimentaria,0,0.0%
5,Deuda pública,1,Servicio de la deuda pública (intereses y gastos),56,"Ministerio de Planificación Federal, Inversión Pública y Servicios",1,Actividades Centrales,80352000,0.2%
5,Deuda pública,1,Servicio de la deuda pública (intereses y gastos),56,"Ministerio de Planificación Federal, Inversión Pública y Servicios",20,Asistencia Técnico - Financiera y Desarrollo de Infraestructura para el Saneamiento,23085000,0.1%
5,Deuda pública,1,Servicio de la deuda pública (intereses y gastos),71,"Ministerio de Ciencia, Tecnología e Innovación Productiva",1,Actividades Centrales,2309000,0.0%
5,Deuda pública,1,Servicio de la deuda pública (intereses y gastos),80,Ministerio de Salud,54,"Control y Fiscalización de Medicamentos, Alimentos y Productos Médicos",260035,0.0%
5,Deuda pública,1,Servicio de la deuda pública (intereses y gastos),80,Ministerio de Salud,95,Servicios de la Deuda,27000,0.0%
5,Deuda pública,1,Servicio de la deuda pública (intereses y gastos),80,Ministerio de Salud,50,Regulación y Control del Sistema de Salud,500000,0.0%
5,Deuda pública,1,Servicio de la deuda pública (intereses y gastos),90,Servicio de la Deuda Pública,98,Deudas Directas de la Administración Central,36265553000,99.7%